Neighbourhood Name,MCI,number_of_crime,Hood_ID,population_density,Unemployment rate,Population,Average age,household_income
Agincourt North,Assault,77.0,129.0,3929.0,9.8,30050.0,44.238269550748754,427037.0
Agincourt North,Auto Theft,16.0,129.0,3929.0,9.8,30050.0,44.238269550748754,427037.0
Agincourt North,Break and Enter,49.0,129.0,3929.0,9.8,30050.0,44.238269550748754,427037.0
Agincourt North,Robbery,13.0,129.0,3929.0,9.8,30050.0,44.238269550748754,427037.0
Agincourt North,Theft Over,5.0,129.0,3929.0,9.8,30050.0,44.238269550748754,427037.0
Agincourt North,bicycle theft,2.0,129.0,3929.0,9.8,30050.0,44.238269550748754,427037.0
Agincourt South-Malvern West,Assault,144.0,128.0,3034.0,9.8,24325.0,42.34244604316547,278390.0
Agincourt South-Malvern West,Auto Theft,26.0,128.0,3034.0,9.8,24325.0,42.34244604316547,278390.0
Agincourt South-Malvern West,Break and Enter,61.0,128.0,3034.0,9.8,24325.0,42.34244604316547,278390.0
Agincourt South-Malvern West,Robbery,21.0,128.0,3034.0,9.8,24325.0,42.34244604316547,278390.0
Agincourt South-Malvern West,Theft Over,12.0,128.0,3034.0,9.8,24325.0,42.34244604316547,278390.0
Agincourt South-Malvern West,bicycle theft,3.0,128.0,3034.0,9.8,24325.0,42.34244604316547,278390.0
Alderwood,Assault,39.0,20.0,2435.0,6.1,12375.0,42.78828282828283,168602.0
Alderwood,Auto Theft,17.0,20.0,2435.0,6.1,12375.0,42.78828282828283,168602.0
Alderwood,Break and Enter,26.0,20.0,2435.0,6.1,12375.0,42.78828282828283,168602.0
Alderwood,Robbery,11.0,20.0,2435.0,6.1,12375.0,42.78828282828283,168602.0
Alderwood,Theft Over,10.0,20.0,2435.0,6.1,12375.0,42.78828282828283,168602.0
Alderwood,bicycle theft,3.0,20.0,2435.0,6.1,12375.0,42.78828282828283,168602.0
Annex,Assault,258.0,95.0,10863.0,6.7,31580.0,45.042273590880306,792507.0
Annex,Auto Theft,19.0,95.0,10863.0,6.7,31580.0,45.042273590880306,792507.0
Annex,Break and Enter,123.0,95.0,10863.0,6.7,31580.0,45.042273590880306,792507.0
Annex,Robbery,34.0,95.0,10863.0,6.7,31580.0,45.042273590880306,792507.0
Annex,Theft Over,20.0,95.0,10863.0,6.7,31580.0,45.042273590880306,792507.0
Annex,bicycle theft,122.0,95.0,10863.0,6.7,31580.0,45.042273590880306,792507.0
Banbury-Don Mills,Assault,86.0,42.0,2775.0,7.2,29315.0,47.05824663141736,493486.0
Banbury-Don Mills,Auto Theft,7.0,42.0,2775.0,7.2,29315.0,47.05824663141736,493486.0
Banbury-Don Mills,Break and Enter,56.0,42.0,2775.0,7.2,29315.0,47.05824663141736,493486.0
Banbury-Don Mills,Robbery,21.0,42.0,2775.0,7.2,29315.0,47.05824663141736,493486.0
Banbury-Don Mills,Theft Over,9.0,42.0,2775.0,7.2,29315.0,47.05824663141736,493486.0
Banbury-Don Mills,bicycle theft,5.0,42.0,2775.0,7.2,29315.0,47.05824663141736,493486.0
Bathurst Manor,Assault,65.0,34.0,3377.0,7.2,16600.0,43.289909638554214,251583.0
Bathurst Manor,Auto Theft,24.0,34.0,3377.0,7.2,16600.0,43.289909638554214,251583.0
Bathurst Manor,Break and Enter,34.0,34.0,3377.0,7.2,16600.0,43.289909638554214,251583.0
Bathurst Manor,Robbery,10.0,34.0,3377.0,7.2,16600.0,43.289909638554214,251583.0
Bathurst Manor,Theft Over,5.0,34.0,3377.0,7.2,16600.0,43.289909638554214,251583.0
Bathurst Manor,bicycle theft,4.0,34.0,3377.0,7.2,16600.0,43.289909638554214,251583.0
Bay Street Corridor,Assault,727.0,76.0,14097.0,10.2,26130.0,37.35065059318791,352218.0
Bay Street Corridor,Auto Theft,25.0,76.0,14097.0,10.2,26130.0,37.35065059318791,352218.0
Bay Street Corridor,Break and Enter,121.0,76.0,14097.0,10.2,26130.0,37.35065059318791,352218.0
Bay Street Corridor,Robbery,128.0,76.0,14097.0,10.2,26130.0,37.35065059318791,352218.0
Bay Street Corridor,Theft Over,44.0,76.0,14097.0,10.2,26130.0,37.35065059318791,352218.0
Bay Street Corridor,bicycle theft,320.0,76.0,14097.0,10.2,26130.0,37.35065059318791,352218.0
Bay Street Corridor,homicide,1.0,76.0,14097.0,10.2,26130.0,37.35065059318791,352218.0
Bayview Village,Assault,87.0,52.0,4195.0,7.7,21995.0,43.05989997726756,354894.0
Bayview Village,Auto Theft,14.0,52.0,4195.0,7.7,21995.0,43.05989997726756,354894.0
Bayview Village,Break and Enter,33.0,52.0,4195.0,7.7,21995.0,43.05989997726756,354894.0
Bayview Village,Robbery,13.0,52.0,4195.0,7.7,21995.0,43.05989997726756,354894.0
Bayview Village,Theft Over,5.0,52.0,4195.0,7.7,21995.0,43.05989997726756,354894.0
Bayview Village,bicycle theft,24.0,52.0,4195.0,7.7,21995.0,43.05989997726756,354894.0
Bayview Woods-Steeles,Assault,35.0,49.0,3240.0,8.0,13890.0,48.07091432685385,253036.0
Bayview Woods-Steeles,Auto Theft,18.0,49.0,3240.0,8.0,13890.0,48.07091432685385,253036.0
Bayview Woods-Steeles,Break and Enter,33.0,49.0,3240.0,8.0,13890.0,48.07091432685385,253036.0
Bayview Woods-Steeles,Theft Over,2.0,49.0,3240.0,8.0,13890.0,48.07091432685385,253036.0
Bayview Woods-Steeles,bicycle theft,1.0,49.0,3240.0,8.0,13890.0,48.07091432685385,253036.0
Bedford Park-Nortown,Assault,40.0,39.0,4209.0,5.5,23890.0,40.36155295102554,720203.0
Bedford Park-Nortown,Auto Theft,31.0,39.0,4209.0,5.5,23890.0,40.36155295102554,720203.0
Bedford Park-Nortown,Break and Enter,98.0,39.0,4209.0,5.5,23890.0,40.36155295102554,720203.0
Bedford Park-Nortown,Robbery,14.0,39.0,4209.0,5.5,23890.0,40.36155295102554,720203.0
Bedford Park-Nortown,Theft Over,9.0,39.0,4209.0,5.5,23890.0,40.36155295102554,720203.0
Bedford Park-Nortown,bicycle theft,21.0,39.0,4209.0,5.5,23890.0,40.36155295102554,720203.0
Beechborough-Greenbrook,Assault,60.0,112.0,3614.0,11.4,6720.0,40.252232142857146,109880.0
Beechborough-Greenbrook,Auto Theft,8.0,112.0,3614.0,11.4,6720.0,40.252232142857146,109880.0
Beechborough-Greenbrook,Break and Enter,12.0,112.0,3614.0,11.4,6720.0,40.252232142857146,109880.0
Beechborough-Greenbrook,Robbery,13.0,112.0,3614.0,11.4,6720.0,40.252232142857146,109880.0
Beechborough-Greenbrook,Theft Over,3.0,112.0,3614.0,11.4,6720.0,40.252232142857146,109880.0
Beechborough-Greenbrook,bicycle theft,1.0,112.0,3614.0,11.4,6720.0,40.252232142857146,109880.0
Bendale,Assault,251.0,127.0,4011.0,8.8,30890.0,41.379248947879574,326482.0
Bendale,Auto Theft,45.0,127.0,4011.0,8.8,30890.0,41.379248947879574,326482.0
Bendale,Break and Enter,56.0,127.0,4011.0,8.8,30890.0,41.379248947879574,326482.0
Bendale,Robbery,67.0,127.0,4011.0,8.8,30890.0,41.379248947879574,326482.0
Bendale,Theft Over,14.0,127.0,4011.0,8.8,30890.0,41.379248947879574,326482.0
Bendale,bicycle theft,11.0,127.0,4011.0,8.8,30890.0,41.379248947879574,326482.0
Bendale,homicide,3.0,127.0,4011.0,8.8,30890.0,41.379248947879574,326482.0
Birchcliffe-Cliffside,Assault,197.0,122.0,3765.0,8.8,22920.0,43.005999127399654,369161.0
Birchcliffe-Cliffside,Auto Theft,16.0,122.0,3765.0,8.8,22920.0,43.005999127399654,369161.0
Birchcliffe-Cliffside,Break and Enter,77.0,122.0,3765.0,8.8,22920.0,43.005999127399654,369161.0
Birchcliffe-Cliffside,Robbery,22.0,122.0,3765.0,8.8,22920.0,43.005999127399654,369161.0
Birchcliffe-Cliffside,Theft Over,6.0,122.0,3765.0,8.8,22920.0,43.005999127399654,369161.0
Birchcliffe-Cliffside,bicycle theft,22.0,122.0,3765.0,8.8,22920.0,43.005999127399654,369161.0
Black Creek,Assault,264.0,24.0,6282.0,12.7,22080.0,37.322463768115945,261560.0
Black Creek,Auto Theft,52.0,24.0,6282.0,12.7,22080.0,37.322463768115945,261560.0
Black Creek,Break and Enter,28.0,24.0,6282.0,12.7,22080.0,37.322463768115945,261560.0
Black Creek,Robbery,37.0,24.0,6282.0,12.7,22080.0,37.322463768115945,261560.0
Black Creek,Theft Over,6.0,24.0,6282.0,12.7,22080.0,37.322463768115945,261560.0
Black Creek,bicycle theft,4.0,24.0,6282.0,12.7,22080.0,37.322463768115945,261560.0
Black Creek,homicide,1.0,24.0,6282.0,12.7,22080.0,37.322463768115945,261560.0
Blake-Jones,Assault,69.0,69.0,8134.0,8.5,7845.0,38.536647546207774,154132.0
Blake-Jones,Auto Theft,4.0,69.0,8134.0,8.5,7845.0,38.536647546207774,154132.0
Blake-Jones,Break and Enter,24.0,69.0,8134.0,8.5,7845.0,38.536647546207774,154132.0
Blake-Jones,Robbery,14.0,69.0,8134.0,8.5,7845.0,38.536647546207774,154132.0
Blake-Jones,bicycle theft,12.0,69.0,8134.0,8.5,7845.0,38.536647546207774,154132.0
Blake-Jones,homicide,1.0,69.0,8134.0,8.5,7845.0,38.536647546207774,154132.0
Briar Hill-Belgravia,Assault,64.0,108.0,7791.0,8.7,14585.0,41.81522111758656,190243.0
Briar Hill-Belgravia,Auto Theft,16.0,108.0,7791.0,8.7,14585.0,41.81522111758656,190243.0
Briar Hill-Belgravia,Break and Enter,31.0,108.0,7791.0,8.7,14585.0,41.81522111758656,190243.0
Briar Hill-Belgravia,Robbery,21.0,108.0,7791.0,8.7,14585.0,41.81522111758656,190243.0
Briar Hill-Belgravia,Theft Over,5.0,108.0,7791.0,8.7,14585.0,41.81522111758656,190243.0
Briar Hill-Belgravia,bicycle theft,7.0,108.0,7791.0,8.7,14585.0,41.81522111758656,190243.0
Bridle Path-Sunnybrook-York Mills,Assault,20.0,41.0,1040.0,8.0,9505.0,42.64334560757496,1392010.0
Bridle Path-Sunnybrook-York Mills,Auto Theft,12.0,41.0,1040.0,8.0,9505.0,42.64334560757496,1392010.0
Bridle Path-Sunnybrook-York Mills,Break and Enter,52.0,41.0,1040.0,8.0,9505.0,42.64334560757496,1392010.0
Bridle Path-Sunnybrook-York Mills,Robbery,2.0,41.0,1040.0,8.0,9505.0,42.64334560757496,1392010.0
Bridle Path-Sunnybrook-York Mills,Theft Over,4.0,41.0,1040.0,8.0,9505.0,42.64334560757496,1392010.0
Bridle Path-Sunnybrook-York Mills,bicycle theft,6.0,41.0,1040.0,8.0,9505.0,42.64334560757496,1392010.0
Broadview North,Assault,61.0,57.0,6764.0,8.2,11745.0,42.729885057471265,126349.0
Broadview North,Auto Theft,8.0,57.0,6764.0,8.2,11745.0,42.729885057471265,126349.0
Broadview North,Break and Enter,15.0,57.0,6764.0,8.2,11745.0,42.729885057471265,126349.0
Broadview North,Robbery,14.0,57.0,6764.0,8.2,11745.0,42.729885057471265,126349.0
Broadview North,Theft Over,2.0,57.0,6764.0,8.2,11745.0,42.729885057471265,126349.0
Broadview North,bicycle theft,13.0,57.0,6764.0,8.2,11745.0,42.729885057471265,126349.0
Brookhaven-Amesbury,Assault,110.0,30.0,5045.0,10.0,18045.0,38.05264616237185,176688.0
Brookhaven-Amesbury,Auto Theft,28.0,30.0,5045.0,10.0,18045.0,38.05264616237185,176688.0
Brookhaven-Amesbury,Break and Enter,31.0,30.0,5045.0,10.0,18045.0,38.05264616237185,176688.0
Brookhaven-Amesbury,Robbery,26.0,30.0,5045.0,10.0,18045.0,38.05264616237185,176688.0
Brookhaven-Amesbury,Theft Over,1.0,30.0,5045.0,10.0,18045.0,38.05264616237185,176688.0
Brookhaven-Amesbury,bicycle theft,3.0,30.0,5045.0,10.0,18045.0,38.05264616237185,176688.0
Cabbagetown-South St. James Town,Assault,120.0,71.0,8335.0,8.0,11960.0,46.302048494983275,301145.0
Cabbagetown-South St. James Town,Auto Theft,8.0,71.0,8335.0,8.0,11960.0,46.302048494983275,301145.0
Cabbagetown-South St. James Town,Break and Enter,53.0,71.0,8335.0,8.0,11960.0,46.302048494983275,301145.0
Cabbagetown-South St. James Town,Robbery,24.0,71.0,8335.0,8.0,11960.0,46.302048494983275,301145.0
Cabbagetown-South St. James Town,Theft Over,7.0,71.0,8335.0,8.0,11960.0,46.302048494983275,301145.0
Cabbagetown-South St. James Town,bicycle theft,65.0,71.0,8335.0,8.0,11960.0,46.302048494983275,301145.0
Caledonia-Fairbank,Assault,80.0,109.0,6464.0,7.2,10120.0,40.36166007905138,132879.0
Caledonia-Fairbank,Auto Theft,13.0,109.0,6464.0,7.2,10120.0,40.36166007905138,132879.0
Caledonia-Fairbank,Break and Enter,13.0,109.0,6464.0,7.2,10120.0,40.36166007905138,132879.0
Caledonia-Fairbank,Robbery,24.0,109.0,6464.0,7.2,10120.0,40.36166007905138,132879.0
Caledonia-Fairbank,Theft Over,1.0,109.0,6464.0,7.2,10120.0,40.36166007905138,132879.0
Caledonia-Fairbank,bicycle theft,5.0,109.0,6464.0,7.2,10120.0,40.36166007905138,132879.0
Casa Loma,Assault,38.0,96.0,5683.0,6.6,11370.0,46.67985927880387,545338.0
Casa Loma,Auto Theft,5.0,96.0,5683.0,6.6,11370.0,46.67985927880387,545338.0
Casa Loma,Break and Enter,19.0,96.0,5683.0,6.6,11370.0,46.67985927880387,545338.0
Casa Loma,Robbery,1.0,96.0,5683.0,6.6,11370.0,46.67985927880387,545338.0
Casa Loma,Theft Over,7.0,96.0,5683.0,6.6,11370.0,46.67985927880387,545338.0
Casa Loma,bicycle theft,13.0,96.0,5683.0,6.6,11370.0,46.67985927880387,545338.0
Centennial Scarborough,Assault,47.0,133.0,2479.0,7.6,13530.0,41.28658536585366,215135.0
Centennial Scarborough,Auto Theft,5.0,133.0,2479.0,7.6,13530.0,41.28658536585366,215135.0
Centennial Scarborough,Break and Enter,19.0,133.0,2479.0,7.6,13530.0,41.28658536585366,215135.0
Centennial Scarborough,Robbery,13.0,133.0,2479.0,7.6,13530.0,41.28658536585366,215135.0
Centennial Scarborough,Theft Over,2.0,133.0,2479.0,7.6,13530.0,41.28658536585366,215135.0
Centennial Scarborough,bicycle theft,6.0,133.0,2479.0,7.6,13530.0,41.28658536585366,215135.0
Church-Yonge Corridor,Assault,537.0,75.0,23044.0,8.5,31595.0,40.79071055546764,443734.0
Church-Yonge Corridor,Auto Theft,24.0,75.0,23044.0,8.5,31595.0,40.79071055546764,443734.0
Church-Yonge Corridor,Break and Enter,144.0,75.0,23044.0,8.5,31595.0,40.79071055546764,443734.0
Church-Yonge Corridor,Robbery,114.0,75.0,23044.0,8.5,31595.0,40.79071055546764,443734.0
Church-Yonge Corridor,Theft Over,38.0,75.0,23044.0,8.5,31595.0,40.79071055546764,443734.0
Church-Yonge Corridor,bicycle theft,198.0,75.0,23044.0,8.5,31595.0,40.79071055546764,443734.0
Church-Yonge Corridor,homicide,3.0,75.0,23044.0,8.5,31595.0,40.79071055546764,443734.0
Clairlea-Birchmount,Assault,245.0,120.0,3632.0,8.7,27650.0,39.783273056057865,350777.0
Clairlea-Birchmount,Auto Theft,44.0,120.0,3632.0,8.7,27650.0,39.783273056057865,350777.0
Clairlea-Birchmount,Break and Enter,87.0,120.0,3632.0,8.7,27650.0,39.783273056057865,350777.0
Clairlea-Birchmount,Robbery,46.0,120.0,3632.0,8.7,27650.0,39.783273056057865,350777.0
Clairlea-Birchmount,Theft Over,16.0,120.0,3632.0,8.7,27650.0,39.783273056057865,350777.0
Clairlea-Birchmount,bicycle theft,7.0,120.0,3632.0,8.7,27650.0,39.783273056057865,350777.0
Clairlea-Birchmount,homicide,1.0,120.0,3632.0,8.7,27650.0,39.783273056057865,350777.0
Clanton Park,Assault,62.0,33.0,3979.0,6.1,16855.0,40.28018392168496,168893.0
Clanton Park,Auto Theft,49.0,33.0,3979.0,6.1,16855.0,40.28018392168496,168893.0
Clanton Park,Break and Enter,41.0,33.0,3979.0,6.1,16855.0,40.28018392168496,168893.0
Clanton Park,Robbery,5.0,33.0,3979.0,6.1,16855.0,40.28018392168496,168893.0
Clanton Park,Theft Over,6.0,33.0,3979.0,6.1,16855.0,40.28018392168496,168893.0
Clanton Park,bicycle theft,2.0,33.0,3979.0,6.1,16855.0,40.28018392168496,168893.0
Clanton Park,homicide,1.0,33.0,3979.0,6.1,16855.0,40.28018392168496,168893.0
Cliffcrest,Assault,108.0,123.0,2273.0,9.7,16300.0,41.6361963190184,248846.0
Cliffcrest,Auto Theft,10.0,123.0,2273.0,9.7,16300.0,41.6361963190184,248846.0
Cliffcrest,Break and Enter,57.0,123.0,2273.0,9.7,16300.0,41.6361963190184,248846.0
Cliffcrest,Robbery,24.0,123.0,2273.0,9.7,16300.0,41.6361963190184,248846.0
Cliffcrest,Theft Over,4.0,123.0,2273.0,9.7,16300.0,41.6361963190184,248846.0
Cliffcrest,bicycle theft,7.0,123.0,2273.0,9.7,16300.0,41.6361963190184,248846.0
Corso Italia-Davenport,Assault,70.0,92.0,7478.0,7.2,14440.0,41.37032548476454,304000.0
Corso Italia-Davenport,Auto Theft,7.0,92.0,7478.0,7.2,14440.0,41.37032548476454,304000.0
Corso Italia-Davenport,Break and Enter,15.0,92.0,7478.0,7.2,14440.0,41.37032548476454,304000.0
Corso Italia-Davenport,Robbery,29.0,92.0,7478.0,7.2,14440.0,41.37032548476454,304000.0
Corso Italia-Davenport,Theft Over,2.0,92.0,7478.0,7.2,14440.0,41.37032548476454,304000.0
Corso Italia-Davenport,bicycle theft,9.0,92.0,7478.0,7.2,14440.0,41.37032548476454,304000.0
Danforth,Assault,57.0,66.0,8554.0,6.2,9870.0,40.88981762917933,260052.0
Danforth,Auto Theft,5.0,66.0,8554.0,6.2,9870.0,40.88981762917933,260052.0
Danforth,Break and Enter,40.0,66.0,8554.0,6.2,9870.0,40.88981762917933,260052.0
Danforth,Robbery,17.0,66.0,8554.0,6.2,9870.0,40.88981762917933,260052.0
Danforth,Theft Over,5.0,66.0,8554.0,6.2,9870.0,40.88981762917933,260052.0
Danforth,bicycle theft,24.0,66.0,8554.0,6.2,9870.0,40.88981762917933,260052.0
Danforth,homicide,1.0,66.0,8554.0,6.2,9870.0,40.88981762917933,260052.0
Danforth East York,Assault,46.0,59.0,7881.0,6.9,17555.0,41.00441469666762,334260.0
Danforth East York,Auto Theft,12.0,59.0,7881.0,6.9,17555.0,41.00441469666762,334260.0
Danforth East York,Break and Enter,44.0,59.0,7881.0,6.9,17555.0,41.00441469666762,334260.0
Danforth East York,Robbery,5.0,59.0,7881.0,6.9,17555.0,41.00441469666762,334260.0
Danforth East York,Theft Over,4.0,59.0,7881.0,6.9,17555.0,41.00441469666762,334260.0
Danforth East York,bicycle theft,22.0,59.0,7881.0,6.9,17555.0,41.00441469666762,334260.0
Don Valley Village,Assault,134.0,47.0,6441.0,9.6,27715.0,41.747699801551505,414411.0
Don Valley Village,Auto Theft,28.0,47.0,6441.0,9.6,27715.0,41.747699801551505,414411.0
Don Valley Village,Break and Enter,64.0,47.0,6441.0,9.6,27715.0,41.747699801551505,414411.0
Don Valley Village,Robbery,20.0,47.0,6441.0,9.6,27715.0,41.747699801551505,414411.0
Don Valley Village,Theft Over,8.0,47.0,6441.0,9.6,27715.0,41.747699801551505,414411.0
Don Valley Village,bicycle theft,2.0,47.0,6441.0,9.6,27715.0,41.747699801551505,414411.0
Dorset Park,Assault,194.0,126.0,4146.0,9.7,25790.0,40.87689026754556,251476.0
Dorset Park,Auto Theft,43.0,126.0,4146.0,9.7,25790.0,40.87689026754556,251476.0
Dorset Park,Break and Enter,69.0,126.0,4146.0,9.7,25790.0,40.87689026754556,251476.0
Dorset Park,Robbery,50.0,126.0,4146.0,9.7,25790.0,40.87689026754556,251476.0
Dorset Park,Theft Over,12.0,126.0,4146.0,9.7,25790.0,40.87689026754556,251476.0
Dorset Park,bicycle theft,4.0,126.0,4146.0,9.7,25790.0,40.87689026754556,251476.0
Dovercourt-Wallace Emerson-Junction,Assault,251.0,93.0,9819.0,7.2,37240.0,40.6266111707841,594477.0
Dovercourt-Wallace Emerson-Junction,Auto Theft,29.0,93.0,9819.0,7.2,37240.0,40.6266111707841,594477.0
Dovercourt-Wallace Emerson-Junction,Break and Enter,80.0,93.0,9819.0,7.2,37240.0,40.6266111707841,594477.0
Dovercourt-Wallace Emerson-Junction,Robbery,42.0,93.0,9819.0,7.2,37240.0,40.6266111707841,594477.0
Dovercourt-Wallace Emerson-Junction,Theft Over,11.0,93.0,9819.0,7.2,37240.0,40.6266111707841,594477.0
Dovercourt-Wallace Emerson-Junction,bicycle theft,107.0,93.0,9819.0,7.2,37240.0,40.6266111707841,594477.0
Downsview-Roding-CFB,Assault,379.0,26.0,2337.0,7.9,35895.0,40.915656776709845,562794.0
Downsview-Roding-CFB,Auto Theft,88.0,26.0,2337.0,7.9,35895.0,40.915656776709845,562794.0
Downsview-Roding-CFB,Break and Enter,52.0,26.0,2337.0,7.9,35895.0,40.915656776709845,562794.0
Downsview-Roding-CFB,Robbery,52.0,26.0,2337.0,7.9,35895.0,40.915656776709845,562794.0
Downsview-Roding-CFB,Theft Over,12.0,26.0,2337.0,7.9,35895.0,40.915656776709845,562794.0
Downsview-Roding-CFB,bicycle theft,16.0,26.0,2337.0,7.9,35895.0,40.915656776709845,562794.0
Downsview-Roding-CFB,homicide,1.0,26.0,2337.0,7.9,35895.0,40.915656776709845,562794.0
Dufferin Grove,Assault,100.0,83.0,8540.0,7.5,11955.0,41.45587620242576,128586.0
Dufferin Grove,Auto Theft,7.0,83.0,8540.0,7.5,11955.0,41.45587620242576,128586.0
Dufferin Grove,Break and Enter,27.0,83.0,8540.0,7.5,11955.0,41.45587620242576,128586.0
Dufferin Grove,Robbery,21.0,83.0,8540.0,7.5,11955.0,41.45587620242576,128586.0
Dufferin Grove,Theft Over,3.0,83.0,8540.0,7.5,11955.0,41.45587620242576,128586.0
Dufferin Grove,bicycle theft,42.0,83.0,8540.0,7.5,11955.0,41.45587620242576,128586.0
Dufferin Grove,homicide,1.0,83.0,8540.0,7.5,11955.0,41.45587620242576,128586.0
East End-Danforth,Assault,168.0,62.0,8038.0,8.2,21700.0,39.4397465437788,304010.0
East End-Danforth,Auto Theft,21.0,62.0,8038.0,8.2,21700.0,39.4397465437788,304010.0
East End-Danforth,Break and Enter,79.0,62.0,8038.0,8.2,21700.0,39.4397465437788,304010.0
East End-Danforth,Robbery,41.0,62.0,8038.0,8.2,21700.0,39.4397465437788,304010.0
East End-Danforth,Theft Over,11.0,62.0,8038.0,8.2,21700.0,39.4397465437788,304010.0
East End-Danforth,bicycle theft,51.0,62.0,8038.0,8.2,21700.0,39.4397465437788,304010.0
Edenbridge-Humber Valley,Assault,29.0,9.0,2840.0,6.1,16205.0,45.03856834310398,441052.0
Edenbridge-Humber Valley,Auto Theft,29.0,9.0,2840.0,6.1,16205.0,45.03856834310398,441052.0
Edenbridge-Humber Valley,Break and Enter,46.0,9.0,2840.0,6.1,16205.0,45.03856834310398,441052.0
Edenbridge-Humber Valley,Robbery,7.0,9.0,2840.0,6.1,16205.0,45.03856834310398,441052.0
Edenbridge-Humber Valley,Theft Over,1.0,9.0,2840.0,6.1,16205.0,45.03856834310398,441052.0
Edenbridge-Humber Valley,bicycle theft,4.0,9.0,2840.0,6.1,16205.0,45.03856834310398,441052.0
Eglinton East,Assault,197.0,138.0,7051.0,10.8,23380.0,39.84035500427716,343031.0
Eglinton East,Auto Theft,22.0,138.0,7051.0,10.8,23380.0,39.84035500427716,343031.0
Eglinton East,Break and Enter,64.0,138.0,7051.0,10.8,23380.0,39.84035500427716,343031.0
Eglinton East,Robbery,40.0,138.0,7051.0,10.8,23380.0,39.84035500427716,343031.0
Eglinton East,Theft Over,6.0,138.0,7051.0,10.8,23380.0,39.84035500427716,343031.0
Eglinton East,bicycle theft,2.0,138.0,7051.0,10.8,23380.0,39.84035500427716,343031.0
Elms-Old Rexdale,Assault,61.0,5.0,3306.0,10.0,9620.0,38.40826403326403,123119.0
Elms-Old Rexdale,Auto Theft,16.0,5.0,3306.0,10.0,9620.0,38.40826403326403,123119.0
Elms-Old Rexdale,Break and Enter,9.0,5.0,3306.0,10.0,9620.0,38.40826403326403,123119.0
Elms-Old Rexdale,Robbery,18.0,5.0,3306.0,10.0,9620.0,38.40826403326403,123119.0
Elms-Old Rexdale,bicycle theft,1.0,5.0,3306.0,10.0,9620.0,38.40826403326403,123119.0
Englemount-Lawrence,Assault,122.0,32.0,6466.0,8.9,23330.0,39.8226532361766,293189.0
Englemount-Lawrence,Auto Theft,23.0,32.0,6466.0,8.9,23330.0,39.8226532361766,293189.0
Englemount-Lawrence,Break and Enter,59.0,32.0,6466.0,8.9,23330.0,39.8226532361766,293189.0
Englemount-Lawrence,Robbery,44.0,32.0,6466.0,8.9,23330.0,39.8226532361766,293189.0
Englemount-Lawrence,Theft Over,8.0,32.0,6466.0,8.9,23330.0,39.8226532361766,293189.0
Englemount-Lawrence,bicycle theft,17.0,32.0,6466.0,8.9,23330.0,39.8226532361766,293189.0
Eringate-Centennial-West Deane,Assault,66.0,11.0,2171.0,7.4,19135.0,43.82336033446564,352269.0
Eringate-Centennial-West Deane,Auto Theft,29.0,11.0,2171.0,7.4,19135.0,43.82336033446564,352269.0
Eringate-Centennial-West Deane,Break and Enter,28.0,11.0,2171.0,7.4,19135.0,43.82336033446564,352269.0
Eringate-Centennial-West Deane,Robbery,18.0,11.0,2171.0,7.4,19135.0,43.82336033446564,352269.0
Eringate-Centennial-West Deane,Theft Over,5.0,11.0,2171.0,7.4,19135.0,43.82336033446564,352269.0
Eringate-Centennial-West Deane,bicycle theft,4.0,11.0,2171.0,7.4,19135.0,43.82336033446564,352269.0
Etobicoke West Mall,Assault,50.0,13.0,6582.0,7.9,12345.0,43.04961522883759,132460.0
Etobicoke West Mall,Auto Theft,15.0,13.0,6582.0,7.9,12345.0,43.04961522883759,132460.0
Etobicoke West Mall,Break and Enter,14.0,13.0,6582.0,7.9,12345.0,43.04961522883759,132460.0
Etobicoke West Mall,Robbery,3.0,13.0,6582.0,7.9,12345.0,43.04961522883759,132460.0
Etobicoke West Mall,bicycle theft,1.0,13.0,6582.0,7.9,12345.0,43.04961522883759,132460.0
Etobicoke West Mall,homicide,1.0,13.0,6582.0,7.9,12345.0,43.04961522883759,132460.0
Flemingdon Park,Assault,153.0,44.0,9026.0,10.6,22230.0,37.7791273054431,261233.0
Flemingdon Park,Auto Theft,4.0,44.0,9026.0,10.6,22230.0,37.7791273054431,261233.0
Flemingdon Park,Break and Enter,14.0,44.0,9026.0,10.6,22230.0,37.7791273054431,261233.0
Flemingdon Park,Robbery,24.0,44.0,9026.0,10.6,22230.0,37.7791273054431,261233.0
Flemingdon Park,Theft Over,3.0,44.0,9026.0,10.6,22230.0,37.7791273054431,261233.0
Flemingdon Park,bicycle theft,4.0,44.0,9026.0,10.6,22230.0,37.7791273054431,261233.0
Forest Hill North,Assault,23.0,102.0,8054.0,7.4,13160.0,41.723974164133736,258469.0
Forest Hill North,Auto Theft,7.0,102.0,8054.0,7.4,13160.0,41.723974164133736,258469.0
Forest Hill North,Break and Enter,18.0,102.0,8054.0,7.4,13160.0,41.723974164133736,258469.0
Forest Hill North,Robbery,8.0,102.0,8054.0,7.4,13160.0,41.723974164133736,258469.0
Forest Hill North,Theft Over,2.0,102.0,8054.0,7.4,13160.0,41.723974164133736,258469.0
Forest Hill North,bicycle theft,13.0,102.0,8054.0,7.4,13160.0,41.723974164133736,258469.0
Forest Hill South,Assault,10.0,101.0,4380.0,5.6,11070.0,44.39205058717254,784645.0
Forest Hill South,Auto Theft,9.0,101.0,4380.0,5.6,11070.0,44.39205058717254,784645.0
Forest Hill South,Break and Enter,31.0,101.0,4380.0,5.6,11070.0,44.39205058717254,784645.0
Forest Hill South,Robbery,1.0,101.0,4380.0,5.6,11070.0,44.39205058717254,784645.0
Forest Hill South,Theft Over,6.0,101.0,4380.0,5.6,11070.0,44.39205058717254,784645.0
Forest Hill South,bicycle theft,9.0,101.0,4380.0,5.6,11070.0,44.39205058717254,784645.0
Glenfield-Jane Heights,Assault,306.0,25.0,5864.0,11.5,31210.0,39.597805190644024,410012.0
Glenfield-Jane Heights,Auto Theft,60.0,25.0,5864.0,11.5,31210.0,39.597805190644024,410012.0
Glenfield-Jane Heights,Break and Enter,28.0,25.0,5864.0,11.5,31210.0,39.597805190644024,410012.0
Glenfield-Jane Heights,Robbery,69.0,25.0,5864.0,11.5,31210.0,39.597805190644024,410012.0
Glenfield-Jane Heights,Theft Over,12.0,25.0,5864.0,11.5,31210.0,39.597805190644024,410012.0
Glenfield-Jane Heights,bicycle theft,10.0,25.0,5864.0,11.5,31210.0,39.597805190644024,410012.0
Glenfield-Jane Heights,homicide,1.0,25.0,5864.0,11.5,31210.0,39.597805190644024,410012.0
Greenwood-Coxwell,Assault,99.0,65.0,8582.0,7.2,14610.0,39.26522929500342,216423.0
Greenwood-Coxwell,Auto Theft,13.0,65.0,8582.0,7.2,14610.0,39.26522929500342,216423.0
Greenwood-Coxwell,Break and Enter,63.0,65.0,8582.0,7.2,14610.0,39.26522929500342,216423.0
Greenwood-Coxwell,Robbery,10.0,65.0,8582.0,7.2,14610.0,39.26522929500342,216423.0
Greenwood-Coxwell,Theft Over,7.0,65.0,8582.0,7.2,14610.0,39.26522929500342,216423.0
Greenwood-Coxwell,bicycle theft,36.0,65.0,8582.0,7.2,14610.0,39.26522929500342,216423.0
Guildwood,Assault,43.0,140.0,2673.0,7.9,10460.0,47.70506692160612,177062.0
Guildwood,Auto Theft,4.0,140.0,2673.0,7.9,10460.0,47.70506692160612,177062.0
Guildwood,Break and Enter,17.0,140.0,2673.0,7.9,10460.0,47.70506692160612,177062.0
Guildwood,Robbery,8.0,140.0,2673.0,7.9,10460.0,47.70506692160612,177062.0
Guildwood,Theft Over,1.0,140.0,2673.0,7.9,10460.0,47.70506692160612,177062.0
Guildwood,bicycle theft,6.0,140.0,2673.0,7.9,10460.0,47.70506692160612,177062.0
Henry Farm,Assault,74.0,53.0,6047.0,10.3,15865.0,36.83753545540498,202357.0
Henry Farm,Auto Theft,10.0,53.0,6047.0,10.3,15865.0,36.83753545540498,202357.0
Henry Farm,Break and Enter,13.0,53.0,6047.0,10.3,15865.0,36.83753545540498,202357.0
Henry Farm,Robbery,8.0,53.0,6047.0,10.3,15865.0,36.83753545540498,202357.0
Henry Farm,Theft Over,3.0,53.0,6047.0,10.3,15865.0,36.83753545540498,202357.0
Henry Farm,bicycle theft,2.0,53.0,6047.0,10.3,15865.0,36.83753545540498,202357.0
High Park North,Assault,90.0,88.0,11726.0,7.1,22715.0,42.105767114241694,496958.0
High Park North,Auto Theft,7.0,88.0,11726.0,7.1,22715.0,42.105767114241694,496958.0
High Park North,Break and Enter,28.0,88.0,11726.0,7.1,22715.0,42.105767114241694,496958.0
High Park North,Robbery,23.0,88.0,11726.0,7.1,22715.0,42.105767114241694,496958.0
High Park North,Theft Over,1.0,88.0,11726.0,7.1,22715.0,42.105767114241694,496958.0
High Park North,bicycle theft,46.0,88.0,11726.0,7.1,22715.0,42.105767114241694,496958.0
High Park-Swansea,Assault,109.0,87.0,4893.0,6.0,24660.0,42.302210056772104,483620.0
High Park-Swansea,Auto Theft,11.0,87.0,4893.0,6.0,24660.0,42.302210056772104,483620.0
High Park-Swansea,Break and Enter,36.0,87.0,4893.0,6.0,24660.0,42.302210056772104,483620.0
High Park-Swansea,Robbery,22.0,87.0,4893.0,6.0,24660.0,42.302210056772104,483620.0
High Park-Swansea,Theft Over,5.0,87.0,4893.0,6.0,24660.0,42.302210056772104,483620.0
High Park-Swansea,bicycle theft,55.0,87.0,4893.0,6.0,24660.0,42.302210056772104,483620.0
Highland Creek,Assault,61.0,134.0,2403.0,8.5,12695.0,43.072666404096104,196620.0
Highland Creek,Auto Theft,8.0,134.0,2403.0,8.5,12695.0,43.072666404096104,196620.0
Highland Creek,Break and Enter,34.0,134.0,2403.0,8.5,12695.0,43.072666404096104,196620.0
Highland Creek,Robbery,8.0,134.0,2403.0,8.5,12695.0,43.072666404096104,196620.0
Highland Creek,Theft Over,1.0,134.0,2403.0,8.5,12695.0,43.072666404096104,196620.0
Highland Creek,bicycle theft,15.0,134.0,2403.0,8.5,12695.0,43.072666404096104,196620.0
Hillcrest Village,Assault,41.0,48.0,3148.0,8.3,17545.0,46.034910230834996,298716.0
Hillcrest Village,Auto Theft,22.0,48.0,3148.0,8.3,17545.0,46.034910230834996,298716.0
Hillcrest Village,Break and Enter,34.0,48.0,3148.0,8.3,17545.0,46.034910230834996,298716.0
Hillcrest Village,Robbery,15.0,48.0,3148.0,8.3,17545.0,46.034910230834996,298716.0
Hillcrest Village,Theft Over,1.0,48.0,3148.0,8.3,17545.0,46.034910230834996,298716.0
Hillcrest Village,bicycle theft,3.0,48.0,3148.0,8.3,17545.0,46.034910230834996,298716.0
Humber Heights-Westmount,Assault,31.0,8.0,3981.0,7.4,11885.0,48.889777029869585,238655.0
Humber Heights-Westmount,Auto Theft,16.0,8.0,3981.0,7.4,11885.0,48.889777029869585,238655.0
Humber Heights-Westmount,Break and Enter,24.0,8.0,3981.0,7.4,11885.0,48.889777029869585,238655.0
Humber Heights-Westmount,Robbery,8.0,8.0,3981.0,7.4,11885.0,48.889777029869585,238655.0
Humber Heights-Westmount,Theft Over,4.0,8.0,3981.0,7.4,11885.0,48.889777029869585,238655.0
Humber Heights-Westmount,bicycle theft,1.0,8.0,3981.0,7.4,11885.0,48.889777029869585,238655.0
Humber Heights-Westmount,homicide,1.0,8.0,3981.0,7.4,11885.0,48.889777029869585,238655.0
Humber Summit,Assault,118.0,21.0,1570.0,9.6,12685.0,40.933385888845095,202677.0
Humber Summit,Auto Theft,60.0,21.0,1570.0,9.6,12685.0,40.933385888845095,202677.0
Humber Summit,Break and Enter,41.0,21.0,1570.0,9.6,12685.0,40.933385888845095,202677.0
Humber Summit,Robbery,23.0,21.0,1570.0,9.6,12685.0,40.933385888845095,202677.0
Humber Summit,Theft Over,19.0,21.0,1570.0,9.6,12685.0,40.933385888845095,202677.0
Humber Summit,bicycle theft,6.0,21.0,1570.0,9.6,12685.0,40.933385888845095,202677.0
Humbermede,Assault,114.0,22.0,3565.0,10.2,15795.0,38.45520734409623,184459.0
Humbermede,Auto Theft,44.0,22.0,3565.0,10.2,15795.0,38.45520734409623,184459.0
Humbermede,Break and Enter,24.0,22.0,3565.0,10.2,15795.0,38.45520734409623,184459.0
Humbermede,Robbery,24.0,22.0,3565.0,10.2,15795.0,38.45520734409623,184459.0
Humbermede,Theft Over,1.0,22.0,3565.0,10.2,15795.0,38.45520734409623,184459.0
Humbermede,bicycle theft,3.0,22.0,3565.0,10.2,15795.0,38.45520734409623,184459.0
Humbermede,homicide,1.0,22.0,3565.0,10.2,15795.0,38.45520734409623,184459.0
Humewood-Cedarvale,Assault,52.0,106.0,7682.0,7.1,14650.0,40.32235494880546,289910.0
Humewood-Cedarvale,Auto Theft,17.0,106.0,7682.0,7.1,14650.0,40.32235494880546,289910.0
Humewood-Cedarvale,Break and Enter,27.0,106.0,7682.0,7.1,14650.0,40.32235494880546,289910.0
Humewood-Cedarvale,Robbery,8.0,106.0,7682.0,7.1,14650.0,40.32235494880546,289910.0
Humewood-Cedarvale,Theft Over,5.0,106.0,7682.0,7.1,14650.0,40.32235494880546,289910.0
Humewood-Cedarvale,bicycle theft,15.0,106.0,7682.0,7.1,14650.0,40.32235494880546,289910.0
Ionview,Assault,100.0,125.0,7031.0,8.8,13860.0,39.83676046176046,169046.0
Ionview,Auto Theft,5.0,125.0,7031.0,8.8,13860.0,39.83676046176046,169046.0
Ionview,Break and Enter,17.0,125.0,7031.0,8.8,13860.0,39.83676046176046,169046.0
Ionview,Robbery,9.0,125.0,7031.0,8.8,13860.0,39.83676046176046,169046.0
Ionview,Theft Over,4.0,125.0,7031.0,8.8,13860.0,39.83676046176046,169046.0
Islington-City Centre West,Assault,215.0,14.0,2712.0,7.3,45440.0,42.91477772887324,854623.0
Islington-City Centre West,Auto Theft,136.0,14.0,2712.0,7.3,45440.0,42.91477772887324,854623.0
Islington-City Centre West,Break and Enter,104.0,14.0,2712.0,7.3,45440.0,42.91477772887324,854623.0
Islington-City Centre West,Robbery,41.0,14.0,2712.0,7.3,45440.0,42.91477772887324,854623.0
Islington-City Centre West,Theft Over,35.0,14.0,2712.0,7.3,45440.0,42.91477772887324,854623.0
Islington-City Centre West,bicycle theft,26.0,14.0,2712.0,7.3,45440.0,42.91477772887324,854623.0
Junction Area,Assault,105.0,90.0,5442.0,5.6,14550.0,39.20704467353952,310473.0
Junction Area,Auto Theft,19.0,90.0,5442.0,5.6,14550.0,39.20704467353952,310473.0
Junction Area,Break and Enter,33.0,90.0,5442.0,5.6,14550.0,39.20704467353952,310473.0
Junction Area,Robbery,8.0,90.0,5442.0,5.6,14550.0,39.20704467353952,310473.0
Junction Area,Theft Over,2.0,90.0,5442.0,5.6,14550.0,39.20704467353952,310473.0
Junction Area,bicycle theft,25.0,90.0,5442.0,5.6,14550.0,39.20704467353952,310473.0
Keelesdale-Eglinton West,Assault,48.0,110.0,6467.0,8.6,11280.0,41.4155585106383,184802.0
Keelesdale-Eglinton West,Auto Theft,15.0,110.0,6467.0,8.6,11280.0,41.4155585106383,184802.0
Keelesdale-Eglinton West,Break and Enter,14.0,110.0,6467.0,8.6,11280.0,41.4155585106383,184802.0
Keelesdale-Eglinton West,Robbery,28.0,110.0,6467.0,8.6,11280.0,41.4155585106383,184802.0
Keelesdale-Eglinton West,bicycle theft,4.0,110.0,6467.0,8.6,11280.0,41.4155585106383,184802.0
Kennedy Park,Assault,216.0,124.0,4770.0,9.1,17460.0,40.76302978235968,229390.0
Kennedy Park,Auto Theft,12.0,124.0,4770.0,9.1,17460.0,40.76302978235968,229390.0
Kennedy Park,Break and Enter,47.0,124.0,4770.0,9.1,17460.0,40.76302978235968,229390.0
Kennedy Park,Robbery,32.0,124.0,4770.0,9.1,17460.0,40.76302978235968,229390.0
Kennedy Park,Theft Over,5.0,124.0,4770.0,9.1,17460.0,40.76302978235968,229390.0
Kennedy Park,bicycle theft,5.0,124.0,4770.0,9.1,17460.0,40.76302978235968,229390.0
Kensington-Chinatown,Assault,341.0,78.0,11806.0,8.2,18405.0,41.89228470524314,222404.0
Kensington-Chinatown,Auto Theft,30.0,78.0,11806.0,8.2,18405.0,41.89228470524314,222404.0
Kensington-Chinatown,Break and Enter,81.0,78.0,11806.0,8.2,18405.0,41.89228470524314,222404.0
Kensington-Chinatown,Robbery,62.0,78.0,11806.0,8.2,18405.0,41.89228470524314,222404.0
Kensington-Chinatown,Theft Over,16.0,78.0,11806.0,8.2,18405.0,41.89228470524314,222404.0
Kensington-Chinatown,bicycle theft,129.0,78.0,11806.0,8.2,18405.0,41.89228470524314,222404.0
Kensington-Chinatown,homicide,5.0,78.0,11806.0,8.2,18405.0,41.89228470524314,222404.0
Kingsview Village-The Westway,Assault,123.0,6.0,4356.0,9.9,22605.0,39.77560274275603,272950.0
Kingsview Village-The Westway,Auto Theft,42.0,6.0,4356.0,9.9,22605.0,39.77560274275603,272950.0
Kingsview Village-The Westway,Break and Enter,34.0,6.0,4356.0,9.9,22605.0,39.77560274275603,272950.0
Kingsview Village-The Westway,Robbery,24.0,6.0,4356.0,9.9,22605.0,39.77560274275603,272950.0
Kingsview Village-The Westway,Theft Over,5.0,6.0,4356.0,9.9,22605.0,39.77560274275603,272950.0
Kingsview Village-The Westway,bicycle theft,2.0,6.0,4356.0,9.9,22605.0,39.77560274275603,272950.0
Kingsview Village-The Westway,homicide,2.0,6.0,4356.0,9.9,22605.0,39.77560274275603,272950.0
Kingsway South,Assault,26.0,15.0,3593.0,7.5,9590.0,43.58342022940563,900624.0
Kingsway South,Auto Theft,9.0,15.0,3593.0,7.5,9590.0,43.58342022940563,900624.0
Kingsway South,Break and Enter,28.0,15.0,3593.0,7.5,9590.0,43.58342022940563,900624.0
Kingsway South,Robbery,8.0,15.0,3593.0,7.5,9590.0,43.58342022940563,900624.0
Kingsway South,Theft Over,2.0,15.0,3593.0,7.5,9590.0,43.58342022940563,900624.0
Kingsway South,bicycle theft,14.0,15.0,3593.0,7.5,9590.0,43.58342022940563,900624.0
L'Amoreaux,Assault,180.0,117.0,6144.0,10.9,45325.0,43.591395477109764,529383.0
L'Amoreaux,Auto Theft,27.0,117.0,6144.0,10.9,45325.0,43.591395477109764,529383.0
L'Amoreaux,Break and Enter,49.0,117.0,6144.0,10.9,45325.0,43.591395477109764,529383.0
L'Amoreaux,Robbery,37.0,117.0,6144.0,10.9,45325.0,43.591395477109764,529383.0
L'Amoreaux,Theft Over,4.0,117.0,6144.0,10.9,45325.0,43.591395477109764,529383.0
L'Amoreaux,bicycle theft,7.0,117.0,6144.0,10.9,45325.0,43.591395477109764,529383.0
L'Amoreaux,homicide,2.0,117.0,6144.0,10.9,45325.0,43.591395477109764,529383.0
Lambton Baby Point,Assault,28.0,114.0,4697.0,7.6,8125.0,38.33938461538462,214945.0
Lambton Baby Point,Auto Theft,1.0,114.0,4697.0,7.6,8125.0,38.33938461538462,214945.0
Lambton Baby Point,Break and Enter,9.0,114.0,4697.0,7.6,8125.0,38.33938461538462,214945.0
Lambton Baby Point,Robbery,6.0,114.0,4697.0,7.6,8125.0,38.33938461538462,214945.0
Lambton Baby Point,Theft Over,1.0,114.0,4697.0,7.6,8125.0,38.33938461538462,214945.0
Lambton Baby Point,bicycle theft,6.0,114.0,4697.0,7.6,8125.0,38.33938461538462,214945.0
Lansing-Westgate,Assault,68.0,38.0,3038.0,7.2,16545.0,40.13523723179208,356122.0
Lansing-Westgate,Auto Theft,27.0,38.0,3038.0,7.2,16545.0,40.13523723179208,356122.0
Lansing-Westgate,Break and Enter,41.0,38.0,3038.0,7.2,16545.0,40.13523723179208,356122.0
Lansing-Westgate,Robbery,9.0,38.0,3038.0,7.2,16545.0,40.13523723179208,356122.0
Lansing-Westgate,Theft Over,5.0,38.0,3038.0,7.2,16545.0,40.13523723179208,356122.0
Lansing-Westgate,bicycle theft,16.0,38.0,3038.0,7.2,16545.0,40.13523723179208,356122.0
Lawrence Park North,Assault,22.0,105.0,6407.0,6.4,14855.0,37.83389431167957,470908.0
Lawrence Park North,Auto Theft,13.0,105.0,6407.0,6.4,14855.0,37.83389431167957,470908.0
Lawrence Park North,Break and Enter,27.0,105.0,6407.0,6.4,14855.0,37.83389431167957,470908.0
Lawrence Park North,Robbery,4.0,105.0,6407.0,6.4,14855.0,37.83389431167957,470908.0
Lawrence Park North,Theft Over,3.0,105.0,6407.0,6.4,14855.0,37.83389431167957,470908.0
Lawrence Park North,bicycle theft,14.0,105.0,6407.0,6.4,14855.0,37.83389431167957,470908.0
Lawrence Park South,Assault,21.0,103.0,4685.0,7.5,15475.0,39.60420032310178,1216585.0
Lawrence Park South,Auto Theft,20.0,103.0,4685.0,7.5,15475.0,39.60420032310178,1216585.0
Lawrence Park South,Break and Enter,45.0,103.0,4685.0,7.5,15475.0,39.60420032310178,1216585.0
Lawrence Park South,Robbery,2.0,103.0,4685.0,7.5,15475.0,39.60420032310178,1216585.0
Lawrence Park South,Theft Over,2.0,103.0,4685.0,7.5,15475.0,39.60420032310178,1216585.0
Lawrence Park South,bicycle theft,12.0,103.0,4685.0,7.5,15475.0,39.60420032310178,1216585.0
Leaside-Bennington,Assault,24.0,56.0,3596.0,6.9,17205.0,39.80587038651555,841619.0
Leaside-Bennington,Auto Theft,4.0,56.0,3596.0,6.9,17205.0,39.80587038651555,841619.0
Leaside-Bennington,Break and Enter,32.0,56.0,3596.0,6.9,17205.0,39.80587038651555,841619.0
Leaside-Bennington,Robbery,8.0,56.0,3596.0,6.9,17205.0,39.80587038651555,841619.0
Leaside-Bennington,Theft Over,2.0,56.0,3596.0,6.9,17205.0,39.80587038651555,841619.0
Leaside-Bennington,bicycle theft,38.0,56.0,3596.0,6.9,17205.0,39.80587038651555,841619.0
Little Portugal,Assault,125.0,84.0,12859.0,6.4,15825.0,41.165402843601896,202912.0
Little Portugal,Auto Theft,13.0,84.0,12859.0,6.4,15825.0,41.165402843601896,202912.0
Little Portugal,Break and Enter,39.0,84.0,12859.0,6.4,15825.0,41.165402843601896,202912.0
Little Portugal,Robbery,10.0,84.0,12859.0,6.4,15825.0,41.165402843601896,202912.0
Little Portugal,Theft Over,3.0,84.0,12859.0,6.4,15825.0,41.165402843601896,202912.0
Little Portugal,bicycle theft,41.0,84.0,12859.0,6.4,15825.0,41.165402843601896,202912.0
Little Portugal,homicide,1.0,84.0,12859.0,6.4,15825.0,41.165402843601896,202912.0
Long Branch,Assault,60.0,19.0,4584.0,7.1,10235.0,41.51856375183195,137480.0
Long Branch,Auto Theft,13.0,19.0,4584.0,7.1,10235.0,41.51856375183195,137480.0
Long Branch,Break and Enter,28.0,19.0,4584.0,7.1,10235.0,41.51856375183195,137480.0
Long Branch,Robbery,5.0,19.0,4584.0,7.1,10235.0,41.51856375183195,137480.0
Long Branch,Theft Over,1.0,19.0,4584.0,7.1,10235.0,41.51856375183195,137480.0
Long Branch,bicycle theft,10.0,19.0,4584.0,7.1,10235.0,41.51856375183195,137480.0
Malvern,Assault,283.0,132.0,4948.0,10.5,44265.0,38.38325991189427,533202.0
Malvern,Auto Theft,36.0,132.0,4948.0,10.5,44265.0,38.38325991189427,533202.0
Malvern,Break and Enter,66.0,132.0,4948.0,10.5,44265.0,38.38325991189427,533202.0
Malvern,Robbery,64.0,132.0,4948.0,10.5,44265.0,38.38325991189427,533202.0
Malvern,Theft Over,8.0,132.0,4948.0,10.5,44265.0,38.38325991189427,533202.0
Malvern,bicycle theft,8.0,132.0,4948.0,10.5,44265.0,38.38325991189427,533202.0
Malvern,homicide,4.0,132.0,4948.0,10.5,44265.0,38.38325991189427,533202.0
Maple Leaf,Assault,45.0,29.0,4012.0,8.1,10490.0,43.25643469971401,144062.0
Maple Leaf,Auto Theft,16.0,29.0,4012.0,8.1,10490.0,43.25643469971401,144062.0
Maple Leaf,Break and Enter,17.0,29.0,4012.0,8.1,10490.0,43.25643469971401,144062.0
Maple Leaf,Robbery,8.0,29.0,4012.0,8.1,10490.0,43.25643469971401,144062.0
Maple Leaf,bicycle theft,1.0,29.0,4012.0,8.1,10490.0,43.25643469971401,144062.0
Markland Wood,Assault,24.0,12.0,3614.0,6.2,11080.0,47.462093862815884,195412.0
Markland Wood,Auto Theft,13.0,12.0,3614.0,6.2,11080.0,47.462093862815884,195412.0
Markland Wood,Break and Enter,19.0,12.0,3614.0,6.2,11080.0,47.462093862815884,195412.0
Markland Wood,Robbery,11.0,12.0,3614.0,6.2,11080.0,47.462093862815884,195412.0
Markland Wood,Theft Over,2.0,12.0,3614.0,6.2,11080.0,47.462093862815884,195412.0
Markland Wood,bicycle theft,1.0,12.0,3614.0,6.2,11080.0,47.462093862815884,195412.0
Milliken,Assault,87.0,130.0,2830.0,9.5,27460.0,43.82938820101967,525507.0
Milliken,Auto Theft,34.0,130.0,2830.0,9.5,27460.0,43.82938820101967,525507.0
Milliken,Break and Enter,67.0,130.0,2830.0,9.5,27460.0,43.82938820101967,525507.0
Milliken,Robbery,40.0,130.0,2830.0,9.5,27460.0,43.82938820101967,525507.0
Milliken,Theft Over,12.0,130.0,2830.0,9.5,27460.0,43.82938820101967,525507.0
Mimico (includes Humber Bay Shores),Assault,242.0,17.0,4915.0,6.2,34555.0,43.1803646360874,583422.0
Mimico (includes Humber Bay Shores),Auto Theft,34.0,17.0,4915.0,6.2,34555.0,43.1803646360874,583422.0
Mimico (includes Humber Bay Shores),Break and Enter,48.0,17.0,4915.0,6.2,34555.0,43.1803646360874,583422.0
Mimico (includes Humber Bay Shores),Robbery,11.0,17.0,4915.0,6.2,34555.0,43.1803646360874,583422.0
Mimico (includes Humber Bay Shores),Theft Over,15.0,17.0,4915.0,6.2,34555.0,43.1803646360874,583422.0
Mimico (includes Humber Bay Shores),bicycle theft,40.0,17.0,4915.0,6.2,34555.0,43.1803646360874,583422.0
Mimico (includes Humber Bay Shores),homicide,1.0,17.0,4915.0,6.2,34555.0,43.1803646360874,583422.0
Morningside,Assault,170.0,135.0,3041.0,11.4,17815.0,40.14692674712321,272837.0
Morningside,Auto Theft,13.0,135.0,3041.0,11.4,17815.0,40.14692674712321,272837.0
Morningside,Break and Enter,19.0,135.0,3041.0,11.4,17815.0,40.14692674712321,272837.0
Morningside,Robbery,13.0,135.0,3041.0,11.4,17815.0,40.14692674712321,272837.0
Morningside,bicycle theft,3.0,135.0,3041.0,11.4,17815.0,40.14692674712321,272837.0
Moss Park,Assault,470.0,73.0,14753.0,6.9,20665.0,41.07125574643116,170813.0
Moss Park,Auto Theft,16.0,73.0,14753.0,6.9,20665.0,41.07125574643116,170813.0
Moss Park,Break and Enter,133.0,73.0,14753.0,6.9,20665.0,41.07125574643116,170813.0
Moss Park,Robbery,123.0,73.0,14753.0,6.9,20665.0,41.07125574643116,170813.0
Moss Park,Theft Over,13.0,73.0,14753.0,6.9,20665.0,41.07125574643116,170813.0
Moss Park,bicycle theft,118.0,73.0,14753.0,6.9,20665.0,41.07125574643116,170813.0
Moss Park,homicide,2.0,73.0,14753.0,6.9,20665.0,41.07125574643116,170813.0
Mount Dennis,Assault,109.0,115.0,6442.0,10.8,13850.0,38.99007220216607,164344.0
Mount Dennis,Auto Theft,14.0,115.0,6442.0,10.8,13850.0,38.99007220216607,164344.0
Mount Dennis,Break and Enter,30.0,115.0,6442.0,10.8,13850.0,38.99007220216607,164344.0
Mount Dennis,Robbery,33.0,115.0,6442.0,10.8,13850.0,38.99007220216607,164344.0
Mount Dennis,bicycle theft,3.0,115.0,6442.0,10.8,13850.0,38.99007220216607,164344.0
Mount Olive-Silverstone-Jamestown,Assault,267.0,2.0,7291.0,12.1,33280.0,35.72310697115385,360648.0
Mount Olive-Silverstone-Jamestown,Auto Theft,43.0,2.0,7291.0,12.1,33280.0,35.72310697115385,360648.0
Mount Olive-Silverstone-Jamestown,Break and Enter,34.0,2.0,7291.0,12.1,33280.0,35.72310697115385,360648.0
Mount Olive-Silverstone-Jamestown,Robbery,102.0,2.0,7291.0,12.1,33280.0,35.72310697115385,360648.0
Mount Olive-Silverstone-Jamestown,Theft Over,3.0,2.0,7291.0,12.1,33280.0,35.72310697115385,360648.0
Mount Olive-Silverstone-Jamestown,bicycle theft,10.0,2.0,7291.0,12.1,33280.0,35.72310697115385,360648.0
Mount Olive-Silverstone-Jamestown,homicide,1.0,2.0,7291.0,12.1,33280.0,35.72310697115385,360648.0
Mount Pleasant East,Assault,23.0,99.0,5411.0,6.9,17040.0,39.994865023474176,348357.0
Mount Pleasant East,Auto Theft,9.0,99.0,5411.0,6.9,17040.0,39.994865023474176,348357.0
Mount Pleasant East,Break and Enter,16.0,99.0,5411.0,6.9,17040.0,39.994865023474176,348357.0
Mount Pleasant East,Robbery,3.0,99.0,5411.0,6.9,17040.0,39.994865023474176,348357.0
Mount Pleasant East,Theft Over,1.0,99.0,5411.0,6.9,17040.0,39.994865023474176,348357.0
Mount Pleasant East,bicycle theft,20.0,99.0,5411.0,6.9,17040.0,39.994865023474176,348357.0
Mount Pleasant West,Assault,109.0,104.0,21969.0,6.7,30575.0,44.049386753883894,443047.0
Mount Pleasant West,Auto Theft,4.0,104.0,21969.0,6.7,30575.0,44.049386753883894,443047.0
Mount Pleasant West,Break and Enter,40.0,104.0,21969.0,6.7,30575.0,44.049386753883894,443047.0
Mount Pleasant West,Robbery,10.0,104.0,21969.0,6.7,30575.0,44.049386753883894,443047.0
Mount Pleasant West,Theft Over,6.0,104.0,21969.0,6.7,30575.0,44.049386753883894,443047.0
Mount Pleasant West,bicycle theft,36.0,104.0,21969.0,6.7,30575.0,44.049386753883894,443047.0
Mount Pleasant West,homicide,1.0,104.0,21969.0,6.7,30575.0,44.049386753883894,443047.0
New Toronto,Assault,100.0,18.0,3342.0,8.7,11460.0,40.54559336823735,188819.0
New Toronto,Auto Theft,10.0,18.0,3342.0,8.7,11460.0,40.54559336823735,188819.0
New Toronto,Break and Enter,41.0,18.0,3342.0,8.7,11460.0,40.54559336823735,188819.0
New Toronto,Robbery,20.0,18.0,3342.0,8.7,11460.0,40.54559336823735,188819.0
New Toronto,Theft Over,6.0,18.0,3342.0,8.7,11460.0,40.54559336823735,188819.0
New Toronto,bicycle theft,6.0,18.0,3342.0,8.7,11460.0,40.54559336823735,188819.0
New Toronto,homicide,1.0,18.0,3342.0,8.7,11460.0,40.54559336823735,188819.0
Newtonbrook East,Assault,79.0,50.0,3926.0,8.8,16775.0,45.23666169895678,335768.0
Newtonbrook East,Auto Theft,4.0,50.0,3926.0,8.8,16775.0,45.23666169895678,335768.0
Newtonbrook East,Break and Enter,41.0,50.0,3926.0,8.8,16775.0,45.23666169895678,335768.0
Newtonbrook East,Robbery,9.0,50.0,3926.0,8.8,16775.0,45.23666169895678,335768.0
Newtonbrook East,Theft Over,4.0,50.0,3926.0,8.8,16775.0,45.23666169895678,335768.0
Newtonbrook East,bicycle theft,6.0,50.0,3926.0,8.8,16775.0,45.23666169895678,335768.0
Newtonbrook East,homicide,1.0,50.0,3926.0,8.8,16775.0,45.23666169895678,335768.0
Newtonbrook West,Assault,136.0,36.0,5070.0,8.4,24505.0,42.903387063864514,260415.0
Newtonbrook West,Auto Theft,50.0,36.0,5070.0,8.4,24505.0,42.903387063864514,260415.0
Newtonbrook West,Break and Enter,54.0,36.0,5070.0,8.4,24505.0,42.903387063864514,260415.0
Newtonbrook West,Robbery,14.0,36.0,5070.0,8.4,24505.0,42.903387063864514,260415.0
Newtonbrook West,Theft Over,8.0,36.0,5070.0,8.4,24505.0,42.903387063864514,260415.0
Newtonbrook West,bicycle theft,30.0,36.0,5070.0,8.4,24505.0,42.903387063864514,260415.0
Niagara,Assault,250.0,82.0,10156.0,4.5,31280.0,38.87787723785166,369683.0
Niagara,Auto Theft,25.0,82.0,10156.0,4.5,31280.0,38.87787723785166,369683.0
Niagara,Break and Enter,69.0,82.0,10156.0,4.5,31280.0,38.87787723785166,369683.0
Niagara,Robbery,16.0,82.0,10156.0,4.5,31280.0,38.87787723785166,369683.0
Niagara,Theft Over,18.0,82.0,10156.0,4.5,31280.0,38.87787723785166,369683.0
Niagara,bicycle theft,124.0,82.0,10156.0,4.5,31280.0,38.87787723785166,369683.0
Niagara,homicide,1.0,82.0,10156.0,4.5,31280.0,38.87787723785166,369683.0
North Riverdale,Assault,53.0,68.0,6770.0,5.3,12065.0,40.420016576875256,318764.0
North Riverdale,Auto Theft,6.0,68.0,6770.0,5.3,12065.0,40.420016576875256,318764.0
North Riverdale,Break and Enter,41.0,68.0,6770.0,5.3,12065.0,40.420016576875256,318764.0
North Riverdale,Robbery,34.0,68.0,6770.0,5.3,12065.0,40.420016576875256,318764.0
North Riverdale,Theft Over,4.0,68.0,6770.0,5.3,12065.0,40.420016576875256,318764.0
North Riverdale,bicycle theft,30.0,68.0,6770.0,5.3,12065.0,40.420016576875256,318764.0
North Riverdale,homicide,1.0,68.0,6770.0,5.3,12065.0,40.420016576875256,318764.0
North St. James Town,Assault,139.0,74.0,44321.0,10.4,18835.0,39.04632333421821,144164.0
North St. James Town,Auto Theft,16.0,74.0,44321.0,10.4,18835.0,39.04632333421821,144164.0
North St. James Town,Break and Enter,54.0,74.0,44321.0,10.4,18835.0,39.04632333421821,144164.0
North St. James Town,Robbery,22.0,74.0,44321.0,10.4,18835.0,39.04632333421821,144164.0
North St. James Town,Theft Over,9.0,74.0,44321.0,10.4,18835.0,39.04632333421821,144164.0
North St. James Town,bicycle theft,61.0,74.0,44321.0,10.4,18835.0,39.04632333421821,144164.0
O'Connor-Parkview,Assault,136.0,54.0,3780.0,10.1,19120.0,40.50862970711297,354525.0
O'Connor-Parkview,Auto Theft,7.0,54.0,3780.0,10.1,19120.0,40.50862970711297,354525.0
O'Connor-Parkview,Break and Enter,34.0,54.0,3780.0,10.1,19120.0,40.50862970711297,354525.0
O'Connor-Parkview,Robbery,30.0,54.0,3780.0,10.1,19120.0,40.50862970711297,354525.0
O'Connor-Parkview,Theft Over,6.0,54.0,3780.0,10.1,19120.0,40.50862970711297,354525.0
O'Connor-Parkview,bicycle theft,7.0,54.0,3780.0,10.1,19120.0,40.50862970711297,354525.0
Oakridge,Assault,138.0,121.0,7444.0,14.6,14100.0,37.76542553191489,134303.0
Oakridge,Auto Theft,11.0,121.0,7444.0,14.6,14100.0,37.76542553191489,134303.0
Oakridge,Break and Enter,57.0,121.0,7444.0,14.6,14100.0,37.76542553191489,134303.0
Oakridge,Robbery,29.0,121.0,7444.0,14.6,14100.0,37.76542553191489,134303.0
Oakridge,Theft Over,10.0,121.0,7444.0,14.6,14100.0,37.76542553191489,134303.0
Oakridge,bicycle theft,4.0,121.0,7444.0,14.6,14100.0,37.76542553191489,134303.0
Oakwood Village,Assault,132.0,107.0,9511.0,6.8,21770.0,42.27882406982086,267062.0
Oakwood Village,Auto Theft,24.0,107.0,9511.0,6.8,21770.0,42.27882406982086,267062.0
Oakwood Village,Break and Enter,22.0,107.0,9511.0,6.8,21770.0,42.27882406982086,267062.0
Oakwood Village,Robbery,26.0,107.0,9511.0,6.8,21770.0,42.27882406982086,267062.0
Oakwood Village,Theft Over,1.0,107.0,9511.0,6.8,21770.0,42.27882406982086,267062.0
Oakwood Village,bicycle theft,18.0,107.0,9511.0,6.8,21770.0,42.27882406982086,267062.0
Old East York,Assault,37.0,58.0,3997.0,5.0,9450.0,42.03439153439153,257522.0
Old East York,Auto Theft,6.0,58.0,3997.0,5.0,9450.0,42.03439153439153,257522.0
Old East York,Break and Enter,25.0,58.0,3997.0,5.0,9450.0,42.03439153439153,257522.0
Old East York,Robbery,6.0,58.0,3997.0,5.0,9450.0,42.03439153439153,257522.0
Old East York,Theft Over,2.0,58.0,3997.0,5.0,9450.0,42.03439153439153,257522.0
Old East York,bicycle theft,1.0,58.0,3997.0,5.0,9450.0,42.03439153439153,257522.0
Old East York,homicide,1.0,58.0,3997.0,5.0,9450.0,42.03439153439153,257522.0
Palmerston-Little Italy,Assault,70.0,80.0,9601.0,6.8,14100.0,42.12943262411348,347339.0
Palmerston-Little Italy,Auto Theft,12.0,80.0,9601.0,6.8,14100.0,42.12943262411348,347339.0
Palmerston-Little Italy,Break and Enter,40.0,80.0,9601.0,6.8,14100.0,42.12943262411348,347339.0
Palmerston-Little Italy,Robbery,37.0,80.0,9601.0,6.8,14100.0,42.12943262411348,347339.0
Palmerston-Little Italy,Theft Over,8.0,80.0,9601.0,6.8,14100.0,42.12943262411348,347339.0
Palmerston-Little Italy,bicycle theft,55.0,80.0,9601.0,6.8,14100.0,42.12943262411348,347339.0
Parkwoods-Donalda,Assault,179.0,45.0,4691.0,9.2,35590.0,40.161351503231245,623453.0
Parkwoods-Donalda,Auto Theft,26.0,45.0,4691.0,9.2,35590.0,40.161351503231245,623453.0
Parkwoods-Donalda,Break and Enter,45.0,45.0,4691.0,9.2,35590.0,40.161351503231245,623453.0
Parkwoods-Donalda,Robbery,32.0,45.0,4691.0,9.2,35590.0,40.161351503231245,623453.0
Parkwoods-Donalda,Theft Over,4.0,45.0,4691.0,9.2,35590.0,40.161351503231245,623453.0
Parkwoods-Donalda,bicycle theft,7.0,45.0,4691.0,9.2,35590.0,40.161351503231245,623453.0
Pelmo Park-Humberlea,Assault,61.0,23.0,2547.0,6.0,10945.0,40.3643216080402,154568.0
Pelmo Park-Humberlea,Auto Theft,24.0,23.0,2547.0,6.0,10945.0,40.3643216080402,154568.0
Pelmo Park-Humberlea,Break and Enter,24.0,23.0,2547.0,6.0,10945.0,40.3643216080402,154568.0
Pelmo Park-Humberlea,Robbery,12.0,23.0,2547.0,6.0,10945.0,40.3643216080402,154568.0
Pelmo Park-Humberlea,Theft Over,4.0,23.0,2547.0,6.0,10945.0,40.3643216080402,154568.0
Pelmo Park-Humberlea,bicycle theft,1.0,23.0,2547.0,6.0,10945.0,40.3643216080402,154568.0
Pelmo Park-Humberlea,homicide,1.0,23.0,2547.0,6.0,10945.0,40.3643216080402,154568.0
Playter Estates-Danforth,Assault,82.0,67.0,8671.0,6.4,7995.0,41.93996247654784,194189.0
Playter Estates-Danforth,Auto Theft,6.0,67.0,8671.0,6.4,7995.0,41.93996247654784,194189.0
Playter Estates-Danforth,Break and Enter,25.0,67.0,8671.0,6.4,7995.0,41.93996247654784,194189.0
Playter Estates-Danforth,Robbery,12.0,67.0,8671.0,6.4,7995.0,41.93996247654784,194189.0
Playter Estates-Danforth,Theft Over,3.0,67.0,8671.0,6.4,7995.0,41.93996247654784,194189.0
Playter Estates-Danforth,bicycle theft,19.0,67.0,8671.0,6.4,7995.0,41.93996247654784,194189.0
Pleasant View,Assault,56.0,46.0,5273.0,10.0,16170.0,43.31880024737168,219209.0
Pleasant View,Auto Theft,8.0,46.0,5273.0,10.0,16170.0,43.31880024737168,219209.0
Pleasant View,Break and Enter,32.0,46.0,5273.0,10.0,16170.0,43.31880024737168,219209.0
Pleasant View,Robbery,13.0,46.0,5273.0,10.0,16170.0,43.31880024737168,219209.0
Pleasant View,Theft Over,2.0,46.0,5273.0,10.0,16170.0,43.31880024737168,219209.0
Pleasant View,bicycle theft,2.0,46.0,5273.0,10.0,16170.0,43.31880024737168,219209.0
Princess-Rosethorn,Assault,31.0,10.0,2138.0,6.0,11380.0,42.54481546572935,538736.0
Princess-Rosethorn,Auto Theft,24.0,10.0,2138.0,6.0,11380.0,42.54481546572935,538736.0
Princess-Rosethorn,Break and Enter,33.0,10.0,2138.0,6.0,11380.0,42.54481546572935,538736.0
Princess-Rosethorn,Robbery,30.0,10.0,2138.0,6.0,11380.0,42.54481546572935,538736.0
Princess-Rosethorn,Theft Over,3.0,10.0,2138.0,6.0,11380.0,42.54481546572935,538736.0
Princess-Rosethorn,bicycle theft,3.0,10.0,2138.0,6.0,11380.0,42.54481546572935,538736.0
Princess-Rosethorn,homicide,1.0,10.0,2138.0,6.0,11380.0,42.54481546572935,538736.0
Regent Park,Assault,98.0,72.0,16880.0,9.6,10865.0,35.96134376438104,103250.0
Regent Park,Auto Theft,4.0,72.0,16880.0,9.6,10865.0,35.96134376438104,103250.0
Regent Park,Break and Enter,26.0,72.0,16880.0,9.6,10865.0,35.96134376438104,103250.0
Regent Park,Robbery,12.0,72.0,16880.0,9.6,10865.0,35.96134376438104,103250.0
Regent Park,Theft Over,2.0,72.0,16880.0,9.6,10865.0,35.96134376438104,103250.0
Regent Park,bicycle theft,37.0,72.0,16880.0,9.6,10865.0,35.96134376438104,103250.0
Regent Park,homicide,1.0,72.0,16880.0,9.6,10865.0,35.96134376438104,103250.0
Rexdale-Kipling,Assault,80.0,4.0,4229.0,10.9,10845.0,41.81120331950208,134305.0
Rexdale-Kipling,Auto Theft,22.0,4.0,4229.0,10.9,10845.0,41.81120331950208,134305.0
Rexdale-Kipling,Break and Enter,16.0,4.0,4229.0,10.9,10845.0,41.81120331950208,134305.0
Rexdale-Kipling,Robbery,17.0,4.0,4229.0,10.9,10845.0,41.81120331950208,134305.0
Rexdale-Kipling,bicycle theft,3.0,4.0,4229.0,10.9,10845.0,41.81120331950208,134305.0
Rockcliffe-Smythe,Assault,147.0,111.0,4414.0,9.2,22725.0,41.466116611661164,295358.0
Rockcliffe-Smythe,Auto Theft,37.0,111.0,4414.0,9.2,22725.0,41.466116611661164,295358.0
Rockcliffe-Smythe,Break and Enter,37.0,111.0,4414.0,9.2,22725.0,41.466116611661164,295358.0
Rockcliffe-Smythe,Robbery,61.0,111.0,4414.0,9.2,22725.0,41.466116611661164,295358.0
Rockcliffe-Smythe,Theft Over,3.0,111.0,4414.0,9.2,22725.0,41.466116611661164,295358.0
Rockcliffe-Smythe,bicycle theft,9.0,111.0,4414.0,9.2,22725.0,41.466116611661164,295358.0
Roncesvalles,Assault,107.0,86.0,9851.0,6.7,15150.0,39.566501650165016,377518.0
Roncesvalles,Auto Theft,14.0,86.0,9851.0,6.7,15150.0,39.566501650165016,377518.0
Roncesvalles,Break and Enter,37.0,86.0,9851.0,6.7,15150.0,39.566501650165016,377518.0
Roncesvalles,Robbery,26.0,86.0,9851.0,6.7,15150.0,39.566501650165016,377518.0
Roncesvalles,Theft Over,3.0,86.0,9851.0,6.7,15150.0,39.566501650165016,377518.0
Roncesvalles,bicycle theft,26.0,86.0,9851.0,6.7,15150.0,39.566501650165016,377518.0
Rosedale-Moore Park,Assault,96.0,98.0,4500.0,6.0,21655.0,46.34287693373355,1413132.0
Rosedale-Moore Park,Auto Theft,12.0,98.0,4500.0,6.0,21655.0,46.34287693373355,1413132.0
Rosedale-Moore Park,Break and Enter,58.0,98.0,4500.0,6.0,21655.0,46.34287693373355,1413132.0
Rosedale-Moore Park,Robbery,18.0,98.0,4500.0,6.0,21655.0,46.34287693373355,1413132.0
Rosedale-Moore Park,Theft Over,7.0,98.0,4500.0,6.0,21655.0,46.34287693373355,1413132.0
Rosedale-Moore Park,bicycle theft,46.0,98.0,4500.0,6.0,21655.0,46.34287693373355,1413132.0
Rouge,Assault,146.0,131.0,1260.0,8.2,47170.0,39.65804536781853,729154.0
Rouge,Auto Theft,21.0,131.0,1260.0,8.2,47170.0,39.65804536781853,729154.0
Rouge,Break and Enter,75.0,131.0,1260.0,8.2,47170.0,39.65804536781853,729154.0
Rouge,Robbery,31.0,131.0,1260.0,8.2,47170.0,39.65804536781853,729154.0
Rouge,Theft Over,11.0,131.0,1260.0,8.2,47170.0,39.65804536781853,729154.0
Rouge,bicycle theft,13.0,131.0,1260.0,8.2,47170.0,39.65804536781853,729154.0
Runnymede-Bloor West Village,Assault,38.0,89.0,6333.0,5.1,10270.0,38.67672833495618,223885.0
Runnymede-Bloor West Village,Auto Theft,10.0,89.0,6333.0,5.1,10270.0,38.67672833495618,223885.0
Runnymede-Bloor West Village,Break and Enter,22.0,89.0,6333.0,5.1,10270.0,38.67672833495618,223885.0
Runnymede-Bloor West Village,Robbery,21.0,89.0,6333.0,5.1,10270.0,38.67672833495618,223885.0
Runnymede-Bloor West Village,Theft Over,1.0,89.0,6333.0,5.1,10270.0,38.67672833495618,223885.0
Runnymede-Bloor West Village,bicycle theft,18.0,89.0,6333.0,5.1,10270.0,38.67672833495618,223885.0
Rustic,Assault,65.0,28.0,4734.0,9.1,10305.0,40.8551673944687,113995.0
Rustic,Auto Theft,8.0,28.0,4734.0,9.1,10305.0,40.8551673944687,113995.0
Rustic,Break and Enter,17.0,28.0,4734.0,9.1,10305.0,40.8551673944687,113995.0
Rustic,Robbery,7.0,28.0,4734.0,9.1,10305.0,40.8551673944687,113995.0
Rustic,Theft Over,3.0,28.0,4734.0,9.1,10305.0,40.8551673944687,113995.0
Rustic,bicycle theft,3.0,28.0,4734.0,9.1,10305.0,40.8551673944687,113995.0
Scarborough Village,Assault,196.0,139.0,5395.0,13.0,17160.0,38.56118881118881,185967.0
Scarborough Village,Auto Theft,9.0,139.0,5395.0,13.0,17160.0,38.56118881118881,185967.0
Scarborough Village,Break and Enter,34.0,139.0,5395.0,13.0,17160.0,38.56118881118881,185967.0
Scarborough Village,Robbery,22.0,139.0,5395.0,13.0,17160.0,38.56118881118881,185967.0
Scarborough Village,Theft Over,2.0,139.0,5395.0,13.0,17160.0,38.56118881118881,185967.0
Scarborough Village,bicycle theft,2.0,139.0,5395.0,13.0,17160.0,38.56118881118881,185967.0
Scarborough Village,homicide,6.0,139.0,5395.0,13.0,17160.0,38.56118881118881,185967.0
South Parkdale,Assault,230.0,85.0,9583.0,8.6,22205.0,41.383021841927494,258500.0
South Parkdale,Auto Theft,23.0,85.0,9583.0,8.6,22205.0,41.383021841927494,258500.0
South Parkdale,Break and Enter,69.0,85.0,9583.0,8.6,22205.0,41.383021841927494,258500.0
South Parkdale,Robbery,41.0,85.0,9583.0,8.6,22205.0,41.383021841927494,258500.0
South Parkdale,Theft Over,12.0,85.0,9583.0,8.6,22205.0,41.383021841927494,258500.0
South Parkdale,bicycle theft,31.0,85.0,9583.0,8.6,22205.0,41.383021841927494,258500.0
South Parkdale,homicide,1.0,85.0,9583.0,8.6,22205.0,41.383021841927494,258500.0
South Riverdale,Assault,234.0,70.0,3136.0,6.5,28415.0,40.42160830547246,662651.0
South Riverdale,Auto Theft,27.0,70.0,3136.0,6.5,28415.0,40.42160830547246,662651.0
South Riverdale,Break and Enter,147.0,70.0,3136.0,6.5,28415.0,40.42160830547246,662651.0
South Riverdale,Robbery,49.0,70.0,3136.0,6.5,28415.0,40.42160830547246,662651.0
South Riverdale,Theft Over,23.0,70.0,3136.0,6.5,28415.0,40.42160830547246,662651.0
South Riverdale,bicycle theft,128.0,70.0,3136.0,6.5,28415.0,40.42160830547246,662651.0
South Riverdale,homicide,3.0,70.0,3136.0,6.5,28415.0,40.42160830547246,662651.0
St.Andrew-Windfields,Assault,49.0,40.0,2430.0,8.3,18255.0,42.197069296083264,649291.0
St.Andrew-Windfields,Auto Theft,10.0,40.0,2430.0,8.3,18255.0,42.197069296083264,649291.0
St.Andrew-Windfields,Break and Enter,57.0,40.0,2430.0,8.3,18255.0,42.197069296083264,649291.0
St.Andrew-Windfields,Robbery,14.0,40.0,2430.0,8.3,18255.0,42.197069296083264,649291.0
St.Andrew-Windfields,Theft Over,5.0,40.0,2430.0,8.3,18255.0,42.197069296083264,649291.0
St.Andrew-Windfields,bicycle theft,7.0,40.0,2430.0,8.3,18255.0,42.197069296083264,649291.0
Steeles,Assault,43.0,116.0,5436.0,9.5,25560.0,45.83724569640063,363045.0
Steeles,Auto Theft,30.0,116.0,5436.0,9.5,25560.0,45.83724569640063,363045.0
Steeles,Break and Enter,48.0,116.0,5436.0,9.5,25560.0,45.83724569640063,363045.0
Steeles,Robbery,17.0,116.0,5436.0,9.5,25560.0,45.83724569640063,363045.0
Steeles,Theft Over,3.0,116.0,5436.0,9.5,25560.0,45.83724569640063,363045.0
Steeles,bicycle theft,1.0,116.0,5436.0,9.5,25560.0,45.83724569640063,363045.0
Stonegate-Queensway,Assault,76.0,16.0,3199.0,6.7,25790.0,42.343447072508724,516575.0
Stonegate-Queensway,Auto Theft,12.0,16.0,3199.0,6.7,25790.0,42.343447072508724,516575.0
Stonegate-Queensway,Break and Enter,49.0,16.0,3199.0,6.7,25790.0,42.343447072508724,516575.0
Stonegate-Queensway,Robbery,15.0,16.0,3199.0,6.7,25790.0,42.343447072508724,516575.0
Stonegate-Queensway,Theft Over,4.0,16.0,3199.0,6.7,25790.0,42.343447072508724,516575.0
Stonegate-Queensway,bicycle theft,11.0,16.0,3199.0,6.7,25790.0,42.343447072508724,516575.0
Tam O'Shanter-Sullivan,Assault,96.0,118.0,5073.0,9.1,28675.0,44.85754141238012,475647.0
Tam O'Shanter-Sullivan,Auto Theft,22.0,118.0,5073.0,9.1,28675.0,44.85754141238012,475647.0
Tam O'Shanter-Sullivan,Break and Enter,61.0,118.0,5073.0,9.1,28675.0,44.85754141238012,475647.0
Tam O'Shanter-Sullivan,Robbery,24.0,118.0,5073.0,9.1,28675.0,44.85754141238012,475647.0
Tam O'Shanter-Sullivan,Theft Over,10.0,118.0,5073.0,9.1,28675.0,44.85754141238012,475647.0
Tam O'Shanter-Sullivan,bicycle theft,2.0,118.0,5073.0,9.1,28675.0,44.85754141238012,475647.0
Taylor-Massey,Assault,98.0,61.0,15528.0,11.5,15945.0,38.12888052681091,102259.0
Taylor-Massey,Auto Theft,7.0,61.0,15528.0,11.5,15945.0,38.12888052681091,102259.0
Taylor-Massey,Break and Enter,43.0,61.0,15528.0,11.5,15945.0,38.12888052681091,102259.0
Taylor-Massey,Robbery,16.0,61.0,15528.0,11.5,15945.0,38.12888052681091,102259.0
Taylor-Massey,Theft Over,5.0,61.0,15528.0,11.5,15945.0,38.12888052681091,102259.0
Taylor-Massey,bicycle theft,9.0,61.0,15528.0,11.5,15945.0,38.12888052681091,102259.0
Taylor-Massey,homicide,1.0,61.0,15528.0,11.5,15945.0,38.12888052681091,102259.0
The Beaches,Assault,90.0,63.0,6058.0,5.7,21850.0,40.1383295194508,659192.0
The Beaches,Auto Theft,7.0,63.0,6058.0,5.7,21850.0,40.1383295194508,659192.0
The Beaches,Break and Enter,77.0,63.0,6058.0,5.7,21850.0,40.1383295194508,659192.0
The Beaches,Robbery,19.0,63.0,6058.0,5.7,21850.0,40.1383295194508,659192.0
The Beaches,Theft Over,4.0,63.0,6058.0,5.7,21850.0,40.1383295194508,659192.0
The Beaches,bicycle theft,93.0,63.0,6058.0,5.7,21850.0,40.1383295194508,659192.0
Thistletown-Beaumond Heights,Assault,39.0,3.0,3130.0,10.4,10725.0,41.564335664335665,140050.0
Thistletown-Beaumond Heights,Auto Theft,13.0,3.0,3130.0,10.4,10725.0,41.564335664335665,140050.0
Thistletown-Beaumond Heights,Break and Enter,23.0,3.0,3130.0,10.4,10725.0,41.564335664335665,140050.0
Thistletown-Beaumond Heights,Robbery,16.0,3.0,3130.0,10.4,10725.0,41.564335664335665,140050.0
Thistletown-Beaumond Heights,Theft Over,1.0,3.0,3130.0,10.4,10725.0,41.564335664335665,140050.0
Thistletown-Beaumond Heights,bicycle theft,3.0,3.0,3130.0,10.4,10725.0,41.564335664335665,140050.0
Thorncliffe Park,Assault,85.0,55.0,6787.0,12.6,21530.0,35.1105434277752,195114.0
Thorncliffe Park,Auto Theft,4.0,55.0,6787.0,12.6,21530.0,35.1105434277752,195114.0
Thorncliffe Park,Break and Enter,24.0,55.0,6787.0,12.6,21530.0,35.1105434277752,195114.0
Thorncliffe Park,Robbery,16.0,55.0,6787.0,12.6,21530.0,35.1105434277752,195114.0
Thorncliffe Park,Theft Over,11.0,55.0,6787.0,12.6,21530.0,35.1105434277752,195114.0
Thorncliffe Park,bicycle theft,15.0,55.0,6787.0,12.6,21530.0,35.1105434277752,195114.0
Thorncliffe Park,homicide,1.0,55.0,6787.0,12.6,21530.0,35.1105434277752,195114.0
Trinity-Bellwoods,Assault,169.0,81.0,9570.0,6.1,16890.0,41.96462403789224,333954.0
Trinity-Bellwoods,Auto Theft,25.0,81.0,9570.0,6.1,16890.0,41.96462403789224,333954.0
Trinity-Bellwoods,Break and Enter,46.0,81.0,9570.0,6.1,16890.0,41.96462403789224,333954.0
Trinity-Bellwoods,Robbery,25.0,81.0,9570.0,6.1,16890.0,41.96462403789224,333954.0
Trinity-Bellwoods,Theft Over,2.0,81.0,9570.0,6.1,16890.0,41.96462403789224,333954.0
Trinity-Bellwoods,bicycle theft,69.0,81.0,9570.0,6.1,16890.0,41.96462403789224,333954.0
Trinity-Bellwoods,homicide,1.0,81.0,9570.0,6.1,16890.0,41.96462403789224,333954.0
University,Assault,126.0,79.0,5395.0,8.3,7915.0,42.74384080859128,197072.0
University,Auto Theft,13.0,79.0,5395.0,8.3,7915.0,42.74384080859128,197072.0
University,Break and Enter,49.0,79.0,5395.0,8.3,7915.0,42.74384080859128,197072.0
University,Robbery,26.0,79.0,5395.0,8.3,7915.0,42.74384080859128,197072.0
University,Theft Over,5.0,79.0,5395.0,8.3,7915.0,42.74384080859128,197072.0
University,bicycle theft,135.0,79.0,5395.0,8.3,7915.0,42.74384080859128,197072.0
Victoria Village,Assault,132.0,43.0,3710.0,10.1,18075.0,43.159059474412174,171271.0
Victoria Village,Auto Theft,20.0,43.0,3710.0,10.1,18075.0,43.159059474412174,171271.0
Victoria Village,Break and Enter,21.0,43.0,3710.0,10.1,18075.0,43.159059474412174,171271.0
Victoria Village,Robbery,13.0,43.0,3710.0,10.1,18075.0,43.159059474412174,171271.0
Victoria Village,Theft Over,4.0,43.0,3710.0,10.1,18075.0,43.159059474412174,171271.0
Victoria Village,bicycle theft,1.0,43.0,3710.0,10.1,18075.0,43.159059474412174,171271.0
Victoria Village,homicide,2.0,43.0,3710.0,10.1,18075.0,43.159059474412174,171271.0
Waterfront Communities-The Island,Assault,882.0,77.0,8943.0,5.2,66275.0,39.48981516408902,662333.0
Waterfront Communities-The Island,Auto Theft,39.0,77.0,8943.0,5.2,66275.0,39.48981516408902,662333.0
Waterfront Communities-The Island,Break and Enter,214.0,77.0,8943.0,5.2,66275.0,39.48981516408902,662333.0
Waterfront Communities-The Island,Robbery,70.0,77.0,8943.0,5.2,66275.0,39.48981516408902,662333.0
Waterfront Communities-The Island,Theft Over,56.0,77.0,8943.0,5.2,66275.0,39.48981516408902,662333.0
Waterfront Communities-The Island,bicycle theft,416.0,77.0,8943.0,5.2,66275.0,39.48981516408902,662333.0
West Hill,Assault,419.0,136.0,2856.0,11.6,28000.0,40.39357142857143,316750.0
West Hill,Auto Theft,15.0,136.0,2856.0,11.6,28000.0,40.39357142857143,316750.0
West Hill,Break and Enter,72.0,136.0,2856.0,11.6,28000.0,40.39357142857143,316750.0
West Hill,Robbery,77.0,136.0,2856.0,11.6,28000.0,40.39357142857143,316750.0
West Hill,Theft Over,7.0,136.0,2856.0,11.6,28000.0,40.39357142857143,316750.0
West Hill,bicycle theft,26.0,136.0,2856.0,11.6,28000.0,40.39357142857143,316750.0
West Humber-Clairville,Assault,308.0,1.0,1117.0,9.6,33935.0,39.830705761013704,426156.0
West Humber-Clairville,Auto Theft,316.0,1.0,1117.0,9.6,33935.0,39.830705761013704,426156.0
West Humber-Clairville,Break and Enter,130.0,1.0,1117.0,9.6,33935.0,39.830705761013704,426156.0
West Humber-Clairville,Robbery,99.0,1.0,1117.0,9.6,33935.0,39.830705761013704,426156.0
West Humber-Clairville,Theft Over,40.0,1.0,1117.0,9.6,33935.0,39.830705761013704,426156.0
West Humber-Clairville,bicycle theft,21.0,1.0,1117.0,9.6,33935.0,39.830705761013704,426156.0
West Humber-Clairville,homicide,4.0,1.0,1117.0,9.6,33935.0,39.830705761013704,426156.0
Westminster-Branson,Assault,128.0,35.0,7339.0,9.2,27290.0,43.850128252107,332776.0
Westminster-Branson,Auto Theft,26.0,35.0,7339.0,9.2,27290.0,43.850128252107,332776.0
Westminster-Branson,Break and Enter,20.0,35.0,7339.0,9.2,27290.0,43.850128252107,332776.0
Westminster-Branson,Robbery,13.0,35.0,7339.0,9.2,27290.0,43.850128252107,332776.0
Westminster-Branson,Theft Over,6.0,35.0,7339.0,9.2,27290.0,43.850128252107,332776.0
Westminster-Branson,bicycle theft,15.0,35.0,7339.0,9.2,27290.0,43.850128252107,332776.0
Weston,Assault,192.0,113.0,7197.0,10.6,18380.0,39.9417845484222,171044.0
Weston,Auto Theft,40.0,113.0,7197.0,10.6,18380.0,39.9417845484222,171044.0
Weston,Break and Enter,44.0,113.0,7197.0,10.6,18380.0,39.9417845484222,171044.0
Weston,Robbery,47.0,113.0,7197.0,10.6,18380.0,39.9417845484222,171044.0
Weston,Theft Over,2.0,113.0,7197.0,10.6,18380.0,39.9417845484222,171044.0
Weston,bicycle theft,7.0,113.0,7197.0,10.6,18380.0,39.9417845484222,171044.0
Weston,homicide,4.0,113.0,7197.0,10.6,18380.0,39.9417845484222,171044.0
Weston-Pelham Park,Assault,92.0,91.0,7601.0,8.5,11255.0,39.448911594846734,127491.0
Weston-Pelham Park,Auto Theft,16.0,91.0,7601.0,8.5,11255.0,39.448911594846734,127491.0
Weston-Pelham Park,Break and Enter,16.0,91.0,7601.0,8.5,11255.0,39.448911594846734,127491.0
Weston-Pelham Park,Robbery,15.0,91.0,7601.0,8.5,11255.0,39.448911594846734,127491.0
Weston-Pelham Park,Theft Over,7.0,91.0,7601.0,8.5,11255.0,39.448911594846734,127491.0
Weston-Pelham Park,bicycle theft,4.0,91.0,7601.0,8.5,11255.0,39.448911594846734,127491.0
Weston-Pelham Park,homicide,1.0,91.0,7601.0,8.5,11255.0,39.448911594846734,127491.0
Wexford/Maryvale,Assault,182.0,119.0,2724.0,9.0,28805.0,42.18607880576289,336503.0
Wexford/Maryvale,Auto Theft,43.0,119.0,2724.0,9.0,28805.0,42.18607880576289,336503.0
Wexford/Maryvale,Break and Enter,75.0,119.0,2724.0,9.0,28805.0,42.18607880576289,336503.0
Wexford/Maryvale,Robbery,28.0,119.0,2724.0,9.0,28805.0,42.18607880576289,336503.0
Wexford/Maryvale,Theft Over,11.0,119.0,2724.0,9.0,28805.0,42.18607880576289,336503.0
Wexford/Maryvale,bicycle theft,8.0,119.0,2724.0,9.0,28805.0,42.18607880576289,336503.0
Wexford/Maryvale,homicide,2.0,119.0,2724.0,9.0,28805.0,42.18607880576289,336503.0
Willowdale East,Assault,147.0,51.0,10087.0,8.5,51270.0,40.24800078018335,572155.0
Willowdale East,Auto Theft,46.0,51.0,10087.0,8.5,51270.0,40.24800078018335,572155.0
Willowdale East,Break and Enter,80.0,51.0,10087.0,8.5,51270.0,40.24800078018335,572155.0
Willowdale East,Robbery,29.0,51.0,10087.0,8.5,51270.0,40.24800078018335,572155.0
Willowdale East,Theft Over,13.0,51.0,10087.0,8.5,51270.0,40.24800078018335,572155.0
Willowdale East,bicycle theft,48.0,51.0,10087.0,8.5,51270.0,40.24800078018335,572155.0
Willowdale West,Assault,97.0,37.0,5820.0,9.8,17590.0,44.515633882888004,272986.0
Willowdale West,Auto Theft,12.0,37.0,5820.0,9.8,17590.0,44.515633882888004,272986.0
Willowdale West,Break and Enter,36.0,37.0,5820.0,9.8,17590.0,44.515633882888004,272986.0
Willowdale West,Robbery,18.0,37.0,5820.0,9.8,17590.0,44.515633882888004,272986.0
Willowdale West,Theft Over,4.0,37.0,5820.0,9.8,17590.0,44.515633882888004,272986.0
Willowdale West,bicycle theft,49.0,37.0,5820.0,9.8,17590.0,44.515633882888004,272986.0
Willowridge-Martingrove-Richview,Assault,103.0,7.0,4007.0,8.5,23015.0,44.03867043232675,412302.0
Willowridge-Martingrove-Richview,Auto Theft,48.0,7.0,4007.0,8.5,23015.0,44.03867043232675,412302.0
Willowridge-Martingrove-Richview,Break and Enter,34.0,7.0,4007.0,8.5,23015.0,44.03867043232675,412302.0
Willowridge-Martingrove-Richview,Robbery,57.0,7.0,4007.0,8.5,23015.0,44.03867043232675,412302.0
Willowridge-Martingrove-Richview,Theft Over,4.0,7.0,4007.0,8.5,23015.0,44.03867043232675,412302.0
Willowridge-Martingrove-Richview,bicycle theft,2.0,7.0,4007.0,8.5,23015.0,44.03867043232675,412302.0
Woburn,Assault,357.0,137.0,4345.0,10.6,54615.0,39.40217888858372,629030.0
Woburn,Auto Theft,32.0,137.0,4345.0,10.6,54615.0,39.40217888858372,629030.0
Woburn,Break and Enter,78.0,137.0,4345.0,10.6,54615.0,39.40217888858372,629030.0
Woburn,Robbery,67.0,137.0,4345.0,10.6,54615.0,39.40217888858372,629030.0
Woburn,Theft Over,16.0,137.0,4345.0,10.6,54615.0,39.40217888858372,629030.0
Woburn,bicycle theft,17.0,137.0,4345.0,10.6,54615.0,39.40217888858372,629030.0
Woburn,homicide,1.0,137.0,4345.0,10.6,54615.0,39.40217888858372,629030.0
Woodbine Corridor,Assault,81.0,64.0,7838.0,7.7,12700.0,38.94586614173228,240272.0
Woodbine Corridor,Auto Theft,9.0,64.0,7838.0,7.7,12700.0,38.94586614173228,240272.0
Woodbine Corridor,Break and Enter,49.0,64.0,7838.0,7.7,12700.0,38.94586614173228,240272.0
Woodbine Corridor,Robbery,7.0,64.0,7838.0,7.7,12700.0,38.94586614173228,240272.0
Woodbine Corridor,Theft Over,6.0,64.0,7838.0,7.7,12700.0,38.94586614173228,240272.0
Woodbine Corridor,bicycle theft,27.0,64.0,7838.0,7.7,12700.0,38.94586614173228,240272.0
Woodbine-Lumsden,Assault,33.0,60.0,6722.0,6.6,8000.0,41.5246875,147462.0
Woodbine-Lumsden,Auto Theft,1.0,60.0,6722.0,6.6,8000.0,41.5246875,147462.0
Woodbine-Lumsden,Break and Enter,12.0,60.0,6722.0,6.6,8000.0,41.5246875,147462.0
Woodbine-Lumsden,Robbery,3.0,60.0,6722.0,6.6,8000.0,41.5246875,147462.0
Woodbine-Lumsden,Theft Over,5.0,60.0,6722.0,6.6,8000.0,41.5246875,147462.0
Woodbine-Lumsden,bicycle theft,5.0,60.0,6722.0,6.6,8000.0,41.5246875,147462.0
Wychwood,Assault,85.0,94.0,8541.0,5.2,15225.0,45.86551724137931,239484.0
Wychwood,Auto Theft,18.0,94.0,8541.0,5.2,15225.0,45.86551724137931,239484.0
Wychwood,Break and Enter,27.0,94.0,8541.0,5.2,15225.0,45.86551724137931,239484.0
Wychwood,Robbery,9.0,94.0,8541.0,5.2,15225.0,45.86551724137931,239484.0
Wychwood,Theft Over,2.0,94.0,8541.0,5.2,15225.0,45.86551724137931,239484.0
Wychwood,bicycle theft,37.0,94.0,8541.0,5.2,15225.0,45.86551724137931,239484.0
Yonge-Eglinton,Assault,68.0,100.0,7162.0,6.9,11975.0,40.151983298538624,222648.0
Yonge-Eglinton,Auto Theft,4.0,100.0,7162.0,6.9,11975.0,40.151983298538624,222648.0
Yonge-Eglinton,Break and Enter,19.0,100.0,7162.0,6.9,11975.0,40.151983298538624,222648.0
Yonge-Eglinton,Robbery,17.0,100.0,7162.0,6.9,11975.0,40.151983298538624,222648.0
Yonge-Eglinton,Theft Over,3.0,100.0,7162.0,6.9,11975.0,40.151983298538624,222648.0
Yonge-Eglinton,bicycle theft,21.0,100.0,7162.0,6.9,11975.0,40.151983298538624,222648.0
Yonge-St.Clair,Assault,39.0,97.0,10708.0,5.9,13005.0,47.00384467512495,541217.0
Yonge-St.Clair,Auto Theft,7.0,97.0,10708.0,5.9,13005.0,47.00384467512495,541217.0
Yonge-St.Clair,Break and Enter,13.0,97.0,10708.0,5.9,13005.0,47.00384467512495,541217.0
Yonge-St.Clair,Robbery,6.0,97.0,10708.0,5.9,13005.0,47.00384467512495,541217.0
Yonge-St.Clair,Theft Over,8.0,97.0,10708.0,5.9,13005.0,47.00384467512495,541217.0
Yonge-St.Clair,bicycle theft,17.0,97.0,10708.0,5.9,13005.0,47.00384467512495,541217.0
York University Heights,Assault,358.0,27.0,2086.0,10.7,27980.0,38.65484274481773,302358.0
York University Heights,Auto Theft,106.0,27.0,2086.0,10.7,27980.0,38.65484274481773,302358.0
York University Heights,Break and Enter,98.0,27.0,2086.0,10.7,27980.0,38.65484274481773,302358.0
York University Heights,Robbery,70.0,27.0,2086.0,10.7,27980.0,38.65484274481773,302358.0
York University Heights,Theft Over,34.0,27.0,2086.0,10.7,27980.0,38.65484274481773,302358.0
York University Heights,bicycle theft,27.0,27.0,2086.0,10.7,27980.0,38.65484274481773,302358.0
York University Heights,homicide,2.0,27.0,2086.0,10.7,27980.0,38.65484274481773,302358.0
Yorkdale-Glen Park,Assault,178.0,31.0,2451.0,8.0,15570.0,45.10918432883751,213860.0
Yorkdale-Glen Park,Auto Theft,43.0,31.0,2451.0,8.0,15570.0,45.10918432883751,213860.0
Yorkdale-Glen Park,Break and Enter,65.0,31.0,2451.0,8.0,15570.0,45.10918432883751,213860.0
Yorkdale-Glen Park,Robbery,24.0,31.0,2451.0,8.0,15570.0,45.10918432883751,213860.0
Yorkdale-Glen Park,Theft Over,24.0,31.0,2451.0,8.0,15570.0,45.10918432883751,213860.0
Yorkdale-Glen Park,bicycle theft,11.0,31.0,2451.0,8.0,15570.0,45.10918432883751,213860.0
Yorkdale-Glen Park,homicide,1.0,31.0,2451.0,8.0,15570.0,45.10918432883751,213860.0
City of Toronto,,,,4334.0,8.2,2797575.0,41.3402223354155,81495.0
